PERSON_ID,DESCRIPTION,SEASON
1449,All-Defensive Team2,1981
1449,All-Defensive Team2,1982
1449,All-Defensive Team2,1983
1449,All-NBA1,1979
1449,All-NBA1,1980
1449,All-NBA1,1981
1449,All-NBA1,1982
1449,All-NBA1,1983
1449,All-NBA1,1984
1449,All-NBA1,1985
1449,All-NBA1,1986
1449,All-NBA1,1987
1449,All-NBA2,1989
1449,All-Rookie Team1,1979
1449,Hall of Fame Inductee,1998
1449,NBA All-Star Most Valuable Player,1981
1449,NBA Finals Most Valuable Player,1983
1449,NBA Finals Most Valuable Player,1985
1449,NBA Most Valuable Player,1983
1449,NBA Most Valuable Player,1984
1449,NBA Most Valuable Player,1985
1449,NBA Rookie of the Year,1979
1449,NBA Sporting News Most Valuable Player of the Year,1984
1449,NBA Sporting News Most Valuable Player of the Year,1985
1449,NBA Sporting News Rookie of the Year,1979
1449,Olympic Gold Medal,1992
1449,NBA All-Star,1979
1449,NBA All-Star,1980
1449,NBA All-Star,1981
1449,NBA All-Star,1982
1449,NBA All-Star,1983
1449,NBA All-Star,1984
1449,NBA All-Star,1985
1449,NBA All-Star,1986
1449,NBA All-Star,1987
1449,NBA All-Star,1989
1449,NBA All-Star,1990
1449,NBA All-Star,1991
1449,NBA Champion,1980
1449,NBA Champion,1983
1449,NBA Champion,1985
76362,All-Rookie Team1,1979
76362,NBA All-Star,1979
76362,NBA Champion,1990
76362,NBA Champion,1991
76362,NBA Champion,1992
76608,NBA Champion,1980
77040,NBA Champion,1979
77071,Olympic Gold Medal,1976
77142,All-NBA2,1981
77142,All-NBA1,1982
77142,All-NBA1,1983
77142,All-NBA1,1984
77142,All-NBA1,1985
77142,All-NBA1,1986
77142,All-NBA1,1987
77142,All-NBA1,1988
77142,All-NBA1,1989
77142,All-NBA1,1990
77142,All-Rookie Team1,1979
77142,Hall of Fame Inductee,2002
77142,IBM Award,1983
77142,J. Walter Kennedy Citizenship,1991
77142,NBA All-Star Most Valuable Player,1989
77142,NBA All-Star Most Valuable Player,1991
77142,NBA Finals Most Valuable Player,1979
77142,NBA Finals Most Valuable Player,1981
77142,NBA Finals Most Valuable Player,1986
77142,NBA Most Valuable Player,1986
77142,NBA Most Valuable Player,1988
77142,NBA Most Valuable Player,1989
77142,NBA Sporting News Most Valuable Player of the Year,1986
77142,Olympic Gold Medal,1992
77142,NBA All-Star,1979
77142,NBA All-Star,1981
77142,NBA All-Star,1982
77142,NBA All-Star,1983
77142,NBA All-Star,1984
77142,NBA All-Star,1985
77142,NBA All-Star,1986
77142,NBA All-Star,1987
77142,NBA All-Star,1989
77142,NBA All-Star,1990
77142,NBA All-Star,1991
77142,NBA All-Star,1988
77142,NBA Champion,1979
77142,NBA Champion,1981
77142,NBA Champion,1984
77142,NBA Champion,1986
77142,NBA Champion,1987
77167,NBA Champion,1988
77167,NBA Champion,1989
77626,All-Defensive Team2,1981
77626,All-Defensive Team1,1982
77626,All-Defensive Team1,1983
77626,All-Defensive Team1,1984
77626,All-Defensive Team1,1985
77626,All-NBA2,1981
77626,All-NBA1,1982
77626,All-NBA2,1983
77626,All-NBA2,1984
77626,All-NBA2,1985
77626,NBA Defensive Player of the Year,1982
77626,NBA Defensive Player of the Year,1983
77626,NBA All-Star,1981
77626,NBA All-Star,1982
77626,NBA All-Star,1983
77626,NBA All-Star,1984
77626,NBA All-Star,1985
77691,All-Rookie Team1,1979
77691,NBA All-Star,1984
77950,NBA Champion,1982
76353,All-Rookie Team1,1980
76353,NBA All-Star,1986
940,NBA Champion,1993
940,NBA Champion,1982
76583,NBA All-Star,1987
76890,All-Rookie Team1,1980
76890,NBA Rookie of the Year,1980
76890,NBA Sporting News Rookie of the Year,1980
76944,All-Defensive Team2,1985
77163,NBA Champion,1982
100263,NBA All-Star,1982
100263,NBA All-Star,1983
100263,NBA All-Star,1984
100263,NBA All-Star,1986
100263,NBA Champion,1988
100263,NBA Champion,1989
77373,NBA Champion,1984
328,All-Defensive Team2,1989
328,NBA Champion,1988
77484,NBA Champion,1986
77484,NBA Champion,1987
1450,All-Defensive Team2,1982
1450,All-Defensive Team1,1985
1450,All-Defensive Team1,1986
1450,All-Defensive Team1,1987
1450,All-Defensive Team2,1988
1450,All-Defensive Team2,1989
1450,All-NBA1,1986
1450,All-Rookie Team1,1980
1450,Hall of Fame Inductee,1999
1450,NBA Sixth Man of the Year,1983
1450,NBA Sixth Man of the Year,1984
1450,NBA All-Star,1983
1450,NBA All-Star,1985
1450,NBA All-Star,1986
1450,NBA All-Star,1987
1450,NBA All-Star,1988
1450,NBA All-Star,1989
1450,NBA All-Star,1990
1450,NBA Champion,1980
1450,NBA Champion,1983
1450,NBA Champion,1985
77911,All-Rookie Team1,1980
78146,NBA Champion,1985
78195,All-Rookie Team1,1980
600009,J. Walter Kennedy Citizenship,1985
78351,NBA All-Star,1982
78351,NBA All-Star,1983
78351,NBA Champion,1982
78404,NBA All-Star,1982
78404,NBA All-Star,1983
76016,NBA All-Star,1983
76016,NBA All-Star,1986
76016,NBA All-Star,1987
76016,NBA Champion,1988
76016,NBA Champion,1989
76017,NBA All-Star,1987
76017,NBA Champion,1983
76017,NBA Champion,1985
76176,NBA All-Star,1984
76176,NBA All-Star,1985
76176,NBA All-Star,1986
76176,NBA All-Star,1989
1472,All-NBA2,1988
1472,All-NBA2,1989
1472,NBA All-Star Most Valuable Player,1986
1472,NBA All-Star,1986
1472,NBA All-Star,1988
1472,NBA All-Star,1989
1472,NBA All-Star,1990
76641,NBA Champion,1982
77135,NBA Champion,1981
77530,NBA Champion,1981
77530,NBA Champion,1984
77685,All-Defensive Team1,1988
77685,All-Defensive Team2,1991
77685,All-Defensive Team2,1992
77685,NBA All-Star,1988
77685,NBA All-Star,1992
77685,NBA All-Star,1984
77905,NBA Champion,1981
77905,NBA Champion,1984
77905,NBA Champion,1986
77905,NBA Champion,1987
78041,All-Rookie Team1,1981
78041,NBA All-Star,1983
78233,NBA Champion,1984
78318,All-NBA2,1982
78318,All-NBA1,1983
78318,All-NBA1,1984
78318,All-NBA1,1985
78318,All-NBA2,1986
78318,All-Rookie Team1,1981
78318,Hall of Fame Inductee,2000
78318,J. Walter Kennedy Citizenship,1986
78318,NBA All-Star Most Valuable Player,1983
78318,NBA All-Star Most Valuable Player,1985
78318,NBA Finals Most Valuable Player,1989
78318,NBA Sporting News Rookie of the Year,1981
78318,NBA All-Star,1981
78318,NBA All-Star,1982
78318,NBA All-Star,1983
78318,NBA All-Star,1984
78318,NBA All-Star,1985
78318,NBA All-Star,1986
78318,NBA All-Star,1987
78318,NBA All-Star,1988
78318,NBA All-Star,1989
78318,NBA All-Star,1991
78318,NBA All-Star,1992
78318,NBA All-Star,1990
78318,NBA Champion,1988
78318,NBA Champion,1989
78369,All-Rookie Team1,1981
78369,NBA All-Star,1981
78369,NBA All-Star,1983
78418,All-Rookie Team1,1981
78423,All-Defensive Team2,1984
433,All-Defensive Team2,1987
433,All-Defensive Team1,1989
433,All-Defensive Team1,1990
433,All-Defensive Team2,1991
433,All-NBA2,1982
433,All-Rookie Team1,1981
433,NBA Rookie of the Year,1981
433,NBA All-Star,1981
433,NBA All-Star,1982
433,NBA All-Star,1985
187,All-NBA2,1984
187,All-NBA3,1988
187,All-Rookie Team1,1982
187,NBA Rookie of the Year,1982
187,NBA Sporting News Rookie of the Year,1982
187,NBA All-Star,1984
187,NBA All-Star,1988
76497,All-Rookie Team1,1982
76631,All-Defensive Team1,1984
76631,All-Defensive Team1,1985
76631,All-Defensive Team2,1986
76631,All-Defensive Team2,1987
76631,All-Defensive Team1,1988
76631,NBA Defensive Player of the Year,1984
76631,NBA Defensive Player of the Year,1988
76631,NBA All-Star,1988
76726,NBA All-Star,1986
76968,NBA Champion,1989
77034,NBA Champion,1990
77034,NBA Champion,1991
77092,NBA Champion,1982
77236,All-Rookie Team1,1982
77377,NBA Champion,1990
77377,NBA Champion,1991
77558,NBA Champion,1982
77707,NBA Champion,1984
894,NBA Sixth Man of the Year,1986
894,NBA Sixth Man of the Year,1989
894,NBA All-Star,1990
77879,All-Defensive Team1,1984
77879,All-Defensive Team1,1985
77879,All-Defensive Team2,1986
78314,NBA Champion,1985
78375,NBA Champion,1992
1122,Hall of Fame Inductee,2006
1122,All-NBA1,1985
1122,All-NBA2,1986
1122,All-NBA2,1987
1122,All-NBA3,1988
1122,All-NBA2,1990
1122,All-NBA2,1992
1122,All-NBA3,1993
1122,All-Rookie Team1,1982
1122,NBA All-Star,1985
1122,NBA All-Star,1986
1122,NBA All-Star,1987
1122,NBA All-Star,1988
1122,NBA All-Star,1989
1122,NBA All-Star,1990
1122,NBA All-Star,1992
1122,NBA All-Star,1993
1122,NBA All-Star,1991
1460,All-NBA3,1989
1460,All-NBA3,1990
1460,All-Rookie Team1,1982
1460,Hall of Fame Inductee,2003
1460,NBA Finals Most Valuable Player,1987
1460,NBA All-Star,1985
1460,NBA All-Star,1986
1460,NBA All-Star,1987
1460,NBA All-Star,1988
1460,NBA All-Star,1989
1460,NBA All-Star,1990
1460,NBA All-Star,1991
1460,NBA Champion,1984
1460,NBA Champion,1986
1460,NBA Champion,1987
1847,All-Rookie Team1,1983
1847,J. Walter Kennedy Citizenship,1988
76398,NBA Champion,1983
17,All-NBA2,1987
17,All-NBA3,1989
17,All-NBA2,1990
17,All-NBA1,1991
17,All-NBA3,1994
17,Hall of Fame Inductee,2004
17,Olympic Gold Medal,1992
17,NBA All-Star,1985
17,NBA All-Star,1987
17,NBA All-Star,1988
17,NBA All-Star,1989
17,NBA All-Star,1990
17,NBA All-Star,1991
17,NBA All-Star,1992
17,NBA All-Star,1993
17,NBA All-Star,1995
17,NBA All-Star,1996
17,NBA Champion,1994
107,All-NBA3,1988
107,NBA Most Improved Player,1986
107,NBA All-Star,1988
76942,NBA Champion,1991
157,All-Defensive Team2,1986
157,All-Defensive Team2,1989
1123,NBA Champion,1983
1123,NBA Champion,1985
117,All-Rookie Team1,1983
117,NBA All-Star,1985
117,NBA All-Star,1986
1622,All-Defensive Team2,1986
1622,All-Defensive Team1,1987
1622,NBA Champion,1992
77820,NBA Champion,1990
77820,NBA Champion,1991
77820,NBA Champion,1992
470,J. Walter Kennedy Citizenship,1989
470,NBA All-Star,1987
78055,All-NBA2,1984
78055,All-Rookie Team1,1983
78055,Hall of Fame Inductee,2012
78055,NBA All-Star Most Valuable Player,1984
78055,NBA Rookie of the Year,1983
78055,NBA Sporting News Rookie of the Year,1983
78055,NBA All-Star,1983
78055,NBA All-Star,1984
78055,NBA All-Star,1985
78055,NBA All-Star,1986
2,All-Rookie Team1,1983
2,NBA Champion,1984
2,NBA Champion,1986
2,NBA Champion,1987
78257,All-Rookie Team1,1983
78437,All-Rookie Team1,1983
78437,NBA Champion,1992
787,All-NBA2,1985
787,All-NBA2,1986
787,All-NBA1,1987
787,All-NBA1,1988
787,All-NBA1,1989
787,All-NBA1,1990
787,All-NBA2,1991
787,All-NBA1,1992
787,All-NBA2,1993
787,All-NBA2,1994
787,All-NBA3,1995
787,All-Rookie Team1,1984
787,Hall of Fame Inductee,2006
787,IBM Award,1985
787,IBM Award,1986
787,IBM Award,1987
787,NBA All-Star Most Valuable Player,1990
787,NBA Most Valuable Player,1992
787,NBA Sporting News Most Valuable Player of the Year,1989
787,NBA Sporting News Most Valuable Player of the Year,1992
787,Olympic Gold Medal,1992
787,Olympic Gold Medal,1996
787,NBA All-Star,1986
787,NBA All-Star,1987
787,NBA All-Star,1988
787,NBA All-Star,1989
787,NBA All-Star,1990
787,NBA All-Star,1991
787,NBA All-Star,1992
787,NBA All-Star,1994
787,NBA All-Star,1995
787,NBA All-Star,1993
787,NBA All-Star,1996
76217,All-Rookie Team1,1984
76338,NBA Champion,1987
76342,NBA Champion,1985
313,Olympic Gold Medal,1984
893,All-Defensive Team1,1987
893,All-Defensive Team1,1988
893,All-Defensive Team1,1989
893,All-Defensive Team1,1990
893,All-Defensive Team1,1991
893,All-Defensive Team1,1992
893,All-Defensive Team1,1995
893,All-Defensive Team1,1996
893,All-Defensive Team1,1997
893,All-NBA2,1984
893,All-NBA1,1986
893,All-NBA1,1987
893,All-NBA1,1988
893,All-NBA1,1989
893,All-NBA1,1990
893,All-NBA1,1991
893,All-NBA1,1992
893,All-NBA1,1995
893,All-NBA1,1996
893,All-NBA1,1997
893,All-Rookie Team1,1984
893,Hall of Fame Inductee,2009
893,IBM Award,1984
893,IBM Award,1988
893,NBA All-Star Most Valuable Player,1987
893,NBA All-Star Most Valuable Player,1995
893,NBA All-Star Most Valuable Player,1997
893,NBA Defensive Player of the Year,1987
893,NBA Finals Most Valuable Player,1990
893,NBA Finals Most Valuable Player,1991
893,NBA Finals Most Valuable Player,1992
893,NBA Finals Most Valuable Player,1995
893,NBA Finals Most Valuable Player,1996
893,NBA Finals Most Valuable Player,1997
893,NBA Most Valuable Player,1987
893,NBA Most Valuable Player,1990
893,NBA Most Valuable Player,1991
893,NBA Most Valuable Player,1995
893,NBA Most Valuable Player,1997
893,NBA Rookie of the Year,1984
893,NBA Sporting News Most Valuable Player of the Year,1987
893,NBA Sporting News Most Valuable Player of the Year,1988
893,NBA Sporting News Most Valuable Player of the Year,1990
893,NBA Sporting News Most Valuable Player of the Year,1991
893,NBA Sporting News Most Valuable Player of the Year,1995
893,NBA Sporting News Most Valuable Player of the Year,1996
893,NBA Sporting News Most Valuable Player of the Year,1997
893,NBA Sporting News Rookie of the Year,1984
893,Olympic Gold Medal,1984
893,Olympic Gold Medal,1992
893,NBA All-Star,1984
893,NBA All-Star,1986
893,NBA All-Star,1987
893,NBA All-Star,1988
893,NBA All-Star,1989
893,NBA All-Star,1990
893,NBA All-Star,1991
893,NBA All-Star,1992
893,NBA All-Star,1995
893,NBA All-Star,1996
893,NBA All-Star,1997
893,NBA All-Star,2001
893,NBA All-Star,2002
893,NBA All-Star,1985
893,NBA Champion,1990
893,NBA Champion,1991
893,NBA Champion,1992
893,NBA Champion,1995
893,NBA Champion,1996
893,NBA Champion,1997
760,NBA Champion,1998
165,All-Defensive Team2,1984
165,All-Defensive Team1,1986
165,All-Defensive Team1,1987
165,All-Defensive Team1,1989
165,All-Defensive Team2,1990
165,All-Defensive Team1,1992
165,All-Defensive Team1,1993
165,All-Defensive Team2,1995
165,All-Defensive Team2,1996
165,All-NBA2,1985
165,All-NBA1,1986
165,All-NBA1,1987
165,All-NBA1,1988
165,All-NBA2,1989
165,All-NBA3,1990
165,All-NBA1,1992
165,All-NBA1,1993
165,All-NBA3,1994
165,All-NBA2,1995
165,All-NBA1,1996
165,All-NBA3,1998
165,All-Rookie Team1,1984
165,Hall of Fame Inductee,2008
165,IBM Award,1992
165,NBA Defensive Player of the Year,1992
165,NBA Defensive Player of the Year,1993
165,NBA Finals Most Valuable Player,1993
165,NBA Finals Most Valuable Player,1994
165,NBA Most Valuable Player,1993
165,NBA Sporting News Most Valuable Player of the Year,1993
165,Olympic Gold Medal,1996
165,NBA All-Star,1984
165,NBA All-Star,1985
165,NBA All-Star,1986
165,NBA All-Star,1987
165,NBA All-Star,1988
165,NBA All-Star,1989
165,NBA All-Star,1991
165,NBA All-Star,1992
165,NBA All-Star,1993
165,NBA All-Star,1994
165,NBA All-Star,1995
165,NBA All-Star,1996
165,NBA Champion,1993
165,NBA Champion,1994
64,All-Rookie Team1,1984
64,Olympic Gold Medal,1984
926,All-Defensive Team2,1985
926,All-Defensive Team1,1986
926,All-Defensive Team2,1987
926,All-Defensive Team2,1988
926,All-Defensive Team2,1989
926,All-Defensive Team1,1990
926,All-NBA2,1985
926,NBA Defensive Player of the Year,1985
926,NBA Most Improved Player,1985
926,Olympic Gold Medal,1984
926,NBA All-Star,1990
926,NBA All-Star,1985
926,NBA All-Star,1986
926,NBA All-Star,1987
304,All-Defensive Team2,1988
304,All-Defensive Team2,1990
304,All-Defensive Team2,1991
304,All-Defensive Team2,1994
304,All-Defensive Team2,1996
304,All-NBA2,1987
304,All-NBA2,1988
304,All-NBA2,1989
304,All-NBA3,1990
304,All-NBA2,1991
304,All-NBA2,1992
304,All-NBA1,1993
304,All-NBA1,1994
304,All-NBA2,1995
304,All-NBA3,1996
304,All-NBA3,1998
304,Hall of Fame Inductee,2009
304,NBA All-Star Most Valuable Player,1992
304,Olympic Gold Medal,1992
304,Olympic Gold Medal,1996
304,NBA All-Star,1988
304,NBA All-Star,1989
304,NBA All-Star,1990
304,NBA All-Star,1991
304,NBA All-Star,1992
304,NBA All-Star,1993
304,NBA All-Star,1994
304,NBA All-Star,1995
304,NBA All-Star,1996
304,NBA All-Star,1999
901,NBA All-Star,1991
901,NBA Champion,1993
78381,Olympic Gold Medal,1984
788,All-NBA3,1991
788,NBA All-Star,1991
788,NBA Champion,2002
78611,Olympic Gold Medal,1984
149,NBA All-Star,1991
76172,Olympic Appearance,1992
76195,All-Defensive Team2,1985
247,All-Defensive Team1,1988
247,All-Defensive Team1,1989
247,All-Defensive Team2,1990
247,All-Defensive Team1,1991
247,All-Defensive Team1,1992
247,All-NBA3,1989
247,All-NBA3,1990
247,All-NBA2,1992
247,All-Rookie Team1,1985
247,Hall of Fame Inductee,2006
247,J. Walter Kennedy Citizenship,1993
247,NBA Finals Most Valuable Player,1988
247,NBA Sportsmanship,1995
247,NBA All-Star,1989
247,NBA All-Star,1990
247,NBA All-Star,1991
247,NBA All-Star,1992
247,NBA All-Star,1994
247,NBA All-Star,1996
247,NBA Champion,1988
247,NBA Champion,1989
920,All-Defensive Team2,1988
920,NBA All-Star,1989
920,NBA Champion,1986
920,NBA Champion,1987
920,NBA Champion,1999
170,Olympic Gold Medal,1984
402,Olympic Gold Medal,1984
252,All-Defensive Team2,1987
252,All-Defensive Team1,1996
252,All-Defensive Team1,1997
252,All-Defensive Team1,1998
252,All-NBA2,1987
252,All-NBA1,1988
252,All-NBA1,1989
252,All-NBA1,1990
252,All-NBA1,1991
252,All-NBA1,1992
252,All-NBA1,1993
252,All-NBA1,1994
252,All-NBA1,1995
252,All-NBA1,1996
252,All-NBA1,1997
252,All-NBA1,1998
252,All-NBA2,1999
252,All-NBA3,2000
252,All-Rookie Team1,1985
252,Hall of Fame Inductee,2010
252,IBM Award,1997
252,NBA All-Star Most Valuable Player,1988
252,NBA All-Star Most Valuable Player,1992
252,NBA Most Valuable Player,1996
252,NBA Most Valuable Player,1998
252,NBA Sporting News Most Valuable Player of the Year,1998
252,Olympic Gold Medal,1992
252,Olympic Gold Medal,1996
252,NBA All-Star,1987
252,NBA All-Star,1988
252,NBA All-Star,1990
252,NBA All-Star,1991
252,NBA All-Star,1992
252,NBA All-Star,1993
252,NBA All-Star,1994
252,NBA All-Star,1995
252,NBA All-Star,1996
252,NBA All-Star,1997
252,NBA All-Star,1999
252,NBA All-Star,2000
252,NBA All-Star,1989
252,NBA All-Star,2001
1365,All-Rookie Team1,1985
1365,NBA All-Star,1987
904,All-NBA2,1988
904,All-NBA3,1989
904,All-NBA2,1990
904,All-NBA1,1991
904,Hall of Fame Inductee,2011
904,Olympic Gold Medal,1984
904,Olympic Gold Medal,1992
904,NBA All-Star,1988
904,NBA All-Star,1989
904,NBA All-Star,1990
904,NBA All-Star,1991
904,NBA All-Star,1992
891,All-Defensive Team1,1993
891,All-Defensive Team2,1997
891,All-Rookie Team1,1985
891,NBA All-Star,1993
345,J. Walter Kennedy Citizenship,1992
345,NBA All-Star,1990
345,NBA All-Star,1992
96,All-NBA3,1994
96,NBA Sixth Man of the Year,1990
96,NBA Sixth Man of the Year,1991
96,Olympic Appearance,1992
96,NBA All-Star,1992
96,NBA All-Star,1994
96,NBA All-Star,1996
1091,NBA Champion,1986
1091,NBA Champion,1987
47,Olympic Gold Medal,1984
78417,NBA Champion,1985
82,NBA Champion,1995
82,NBA Champion,1997
76138,NBA Champion,1989
76237,NBA Champion,1986
209,NBA Sixth Man of the Year,1993
921,All-NBA3,1991
921,All-Rookie Team1,1986
921,NBA All-Star,1987
921,NBA All-Star,1988
921,NBA All-Star,1990
921,NBA All-Star,1991
921,NBA All-Star,1992
404,NBA Most Improved Player,1987
404,NBA All-Star,1988
404,NBA All-Star,1990
166,All-Rookie Team1,1986
166,NBA Champion,1995
166,NBA Champion,1996
166,NBA Champion,1997
166,NBA Champion,1999
166,NBA Champion,2000
204,NBA All-Star,1991
203,All-Defensive Team2,1993
203,All-Defensive Team2,1994
456,All-Rookie Team1,1986
456,NBA Rookie of the Year,1986
456,NBA Sporting News Rookie of the Year,1986
899,All-NBA3,1988
899,All-NBA3,1991
899,All-NBA1,1992
899,All-NBA3,1993
899,NBA All-Star,1988
899,NBA All-Star,1991
899,NBA All-Star,1992
899,NBA All-Star,1993
23,All-Defensive Team1,1988
23,All-Defensive Team1,1989
23,All-Defensive Team1,1990
23,All-Defensive Team1,1991
23,All-Defensive Team1,1992
23,All-Defensive Team2,1993
23,All-Defensive Team1,1994
23,All-Defensive Team1,1995
23,All-NBA3,1991
23,All-NBA3,1994
23,Hall of Fame Inductee,2011
23,IBM Award,1991
23,NBA Defensive Player of the Year,1989
23,NBA Defensive Player of the Year,1990
23,NBA All-Star,1989
23,NBA All-Star,1991
23,NBA Champion,1995
23,NBA Champion,1996
23,NBA Champion,1997
23,NBA Champion,1988
23,NBA Champion,1989
78007,Olympic Appearance,2000
927,NBA Champion,1995
927,NBA Champion,1988
927,NBA Champion,1989
927,NBA Champion,1999
101,NBA Most Improved Player,1990
78293,All-Rookie Team1,1986
78293,NBA Sixth Man of the Year,1987
1631,NBA Champion,1986
78554,All-Rookie Team1,1986
76024,Olympic Gold Medal,1984
246,All-Rookie Team1,1987
201,J. Walter Kennedy Citizenship,1995
288,All-Rookie Team1,1987
270,All-Defensive Team2,1992
270,All-Defensive Team2,1993
270,All-Defensive Team2,1994
270,All-Defensive Team2,1995
270,NBA All-Star,1993
270,NBA Champion,1990
270,NBA Champion,1991
270,NBA Champion,1992
270,NBA Champion,2000
77054,NBA Champion,1990
349,All-Rookie Team1,1987
349,NBA Rookie of the Year,1987
349,NBA Sporting News Rookie of the Year,1987
349,NBA All-Star,1988
134,All-NBA2,1988
134,All-NBA2,1989
134,All-NBA2,1990
134,All-NBA3,1991
134,All-NBA2,1993
134,J. Walter Kennedy Citizenship,1990
134,NBA Most Improved Player,1988
134,NBA All-Star,1989
134,NBA All-Star,1990
134,NBA All-Star,1993
77384,NBA All-Star,1991
365,All-Defensive Team2,1994
365,All-Defensive Team2,1995
365,All-Rookie Team1,1987
397,All-NBA3,1994
397,All-NBA3,1995
397,All-NBA3,1997
397,Hall of Fame Inductee,2012
397,J. Walter Kennedy Citizenship,2003
397,Olympic Gold Medal,1996
397,NBA All-Star,1989
397,NBA All-Star,1994
397,NBA All-Star,1995
397,NBA All-Star,1997
397,NBA All-Star,1999
937,All-Defensive Team2,1990
937,All-Defensive Team1,1991
937,All-Defensive Team1,1992
937,All-Defensive Team1,1993
937,All-Defensive Team1,1994
937,All-Defensive Team1,1995
937,All-Defensive Team1,1996
937,All-Defensive Team1,1997
937,All-Defensive Team1,1998
937,All-Defensive Team2,1999
937,All-NBA2,1991
937,All-NBA3,1992
937,All-NBA1,1993
937,All-NBA1,1994
937,All-NBA1,1995
937,All-NBA2,1996
937,All-NBA3,1997
937,Hall of Fame Inductee,2010
937,NBA All-Star Most Valuable Player,1993
937,Olympic Gold Medal,1992
937,Olympic Gold Medal,1996
937,NBA All-Star,1989
937,NBA All-Star,1991
937,NBA All-Star,1992
937,NBA All-Star,1993
937,NBA All-Star,1994
937,NBA All-Star,1995
937,NBA All-Star,1996
937,NBA Champion,1990
937,NBA Champion,1991
937,NBA Champion,1992
937,NBA Champion,1995
937,NBA Champion,1996
937,NBA Champion,1997
181,All-Rookie Team1,1987
181,NBA Champion,1993
181,NBA Champion,1994
78429,NBA Champion,1987
335,All-Rookie Team1,1988
335,Olympic Bronze Medal,1988
418,NBA Champion,1993
364,All-Rookie Team2,1988
76552,NBA Champion,1988
236,All-Rookie Team2,1988
81,Olympic Bronze Medal,1988
765,All-Rookie Team1,1988
765,NBA Sportsmanship,1998
765,Olympic Bronze Medal,1988
765,NBA All-Star,1990
422,NBA Sportsmanship,1997
422,NBA Champion,1998
70,NBA Champion,1995
70,NBA Champion,1996
70,NBA Champion,1997
70,NBA Champion,1998
70,NBA Champion,2002
105,All-Defensive Team2,1990
105,All-Defensive Team2,1992
105,Olympic Bronze Medal,1988
105,NBA All-Star,1991
105,NBA All-Star,1992
105,NBA All-Star,1994
330,NBA Sixth Man of the Year,1997
330,Olympic Bronze Medal,1988
330,NBA All-Star,1992
330,NBA All-Star,1993
137,NBA Champion,1993
137,NBA Champion,1994
356,All-Rookie Team2,1988
77771,Olympic Appearance,1988
77771,Olympic Appearance,1992
77771,Olympic Appearance,1996
77771,Olympic Appearance,2004
781,NBA Champion,1990
781,NBA Champion,1991
781,NBA Champion,1992
781,NBA Champion,1998
782,All-NBA2,1993
782,All-NBA2,1994
782,All-NBA3,1995
782,All-NBA2,1996
782,All-NBA3,1997
782,All-Rookie Team1,1988
782,Hall of Fame Inductee,2014
782,NBA All-Star Most Valuable Player,1994
782,NBA Rookie of the Year,1988
782,NBA Sporting News Rookie of the Year,1988
782,Olympic Bronze Medal,1988
782,Olympic Gold Medal,1996
782,NBA All-Star,1993
782,NBA All-Star,1994
782,NBA All-Star,1995
782,NBA All-Star,1996
782,NBA All-Star,1997
782,NBA All-Star,1992
782,NBA Champion,2001
938,NBA Most Improved Player,1989
216,All-Rookie Team2,1988
216,NBA Champion,1999
216,NBA Champion,2000
216,NBA Champion,2001
22,All-Rookie Team1,1988
22,NBA All-Star,1997
317,All-Defensive Team2,1992
317,NBA Sixth Man of the Year,1996
317,NBA All-Star,1993
393,All-NBA2,1997
393,All-Rookie Team2,1988
52,All-Defensive Team2,1991
52,NBA Champion,1988
769,NBA All-Star,1993
769,NBA Champion,1990
769,NBA Champion,1991
769,NBA Champion,1992
344,NBA Most Improved Player,1994
344,NBA All-Star,1994
302,All-Defensive Team1,1993
302,All-Defensive Team1,1994
302,All-Defensive Team2,1995
302,All-Defensive Team2,1996
302,All-Defensive Team2,1997
302,All-Defensive Team2,1998
302,NBA All-Star,1993
359,NBA Champion,1994
124,All-Rookie Team1,1989
124,J. Walter Kennedy Citizenship,1999
124,Olympic Silver Medal,1988
124,NBA All-Star,2000
428,All-Rookie Team1,1989
898,All-Rookie Team2,1989
251,All-Rookie Team2,1989
251,NBA All-Star,1992
251,NBA All-Star,1995
251,NBA Champion,1998
442,NBA Most Improved Player,1991
896,All-NBA2,1991
896,All-NBA3,1992
896,All-NBA1,1996
896,All-NBA2,1997
896,All-NBA2,1998
896,All-Rookie Team1,1989
896,Olympic Gold Medal,2000
896,NBA All-Star,1996
896,NBA All-Star,1997
896,NBA All-Star,1990
896,NBA All-Star,1991
896,NBA All-Star,1992
1114,NBA Champion,1998
77170,Hall of Fame Inductee,1990
431,All-NBA2,1993
431,All-NBA2,1994
431,All-NBA2,1995
431,NBA All-Star,1997
431,NBA All-Star,1992
431,NBA All-Star,1993
431,NBA All-Star,1994
431,NBA All-Star,1995
431,NBA All-Star,1996
351,All-Rookie Team2,1989
351,NBA Champion,1990
351,NBA Champion,1991
351,NBA Champion,1992
36,Hall of Fame Inductee,2014
36,Olympic Bronze Medal,1992
36,Olympic Bronze Medal,1996
36,Olympic Gold Medal,1988
193,All-Defensive Team2,1996
193,All-NBA3,1996
193,NBA Sixth Man of the Year,1994
193,NBA All-Star,2000
1097,Olympic Silver Medal,1988
77845,All-NBA3,1992
77845,Hall of Fame Inductee,2002
77845,Olympic Bronze Medal,1984
77845,Olympic Silver Medal,1988
77845,Olympic Silver Medal,1992
462,All-Rookie Team2,1989
462,Olympic Bronze Medal,1988
71,All-Rookie Team1,1989
361,All-Defensive Team2,1999
361,All-Defensive Team2,2001
361,NBA Sixth Man of the Year,1992
361,NBA All-Star,1993
764,All-Defensive Team2,1989
764,All-Defensive Team1,1990
764,All-Defensive Team1,1991
764,All-Defensive Team2,1992
764,All-Defensive Team2,1993
764,All-Defensive Team1,1994
764,All-Defensive Team1,1995
764,All-Defensive Team2,1997
764,All-NBA3,1989
764,All-NBA1,1990
764,All-NBA1,1991
764,All-NBA3,1992
764,All-NBA2,1993
764,All-NBA1,1994
764,All-NBA1,1995
764,All-NBA2,1997
764,All-NBA3,1999
764,All-NBA3,2000
764,All-Rookie Team1,1989
764,Hall of Fame Inductee,2009
764,IBM Award,1989
764,IBM Award,1990
764,IBM Award,1993
764,IBM Award,1994
764,IBM Award,1995
764,J. Walter Kennedy Citizenship,2002
764,NBA Defensive Player of the Year,1991
764,NBA Most Valuable Player,1994
764,NBA Rookie of the Year,1989
764,NBA Sporting News Most Valuable Player of the Year,1994
764,NBA Sporting News Rookie of the Year,1989
764,NBA Sportsmanship,2000
764,Olympic Bronze Medal,1988
764,Olympic Gold Medal,1992
764,Olympic Gold Medal,1996
764,NBA All-Star,1989
764,NBA All-Star,1990
764,NBA All-Star,1991
764,NBA All-Star,1992
764,NBA All-Star,1993
764,NBA All-Star,1994
764,NBA All-Star,1995
764,NBA All-Star,1997
764,NBA All-Star,1999
764,NBA All-Star,2000
764,NBA Champion,1998
764,NBA Champion,2002
51,All-Rookie Team2,1990
51,NBA Most Improved Player,1992
146,NBA Champion,1995
146,NBA Champion,1996
146,NBA Champion,1997
672,NBA Champion,1993
416,All-Rookie Team2,1990
922,NBA Champion,2003
76,NBA All-Star,1994
934,All-NBA3,1992
934,All-NBA3,1993
934,All-Rookie Team1,1990
934,NBA Rookie of the Year,1990
934,NBA Sporting News Rookie of the Year,1990
934,NBA All-Star,1993
902,Olympic Bronze Medal,1988
53,NBA Champion,1993
53,NBA Champion,1994
53,NBA Champion,1998
198,NBA Champion,2002
323,NBA Champion,2000
383,All-Rookie Team1,1990
238,NBA All-Star,1994
763,NBA Champion,2004
77496,All-Rookie Team2,1990
192,All-Rookie Team1,1990
1489,All-Rookie Team1,1990
280,All-Rookie Team2,1990
1037,Olympic Appearance,1996
1037,Olympic Silver Medal,1988
1037,Olympic Silver Medal,1992
420,NBA All-Star,1997
281,NBA Champion,1990
281,NBA Champion,1991
281,NBA Champion,1992
72,NBA All-Star,1993
278,All-Rookie Team1,1991
278,Olympic Bronze Medal,1988
1134,NBA Most Improved Player,1996
210,All-Rookie Team2,1991
210,NBA Sportsmanship,1996
210,NBA All-Star,1995
210,NBA All-Star,1996
753,NBA Champion,1995
753,NBA Champion,1996
753,NBA Champion,1997
432,NBA Champion,1994
905,NBA All-Star,1999
183,NBA Champion,1996
296,All-Rookie Team2,1991
296,NBA Champion,1999
296,NBA Champion,2000
296,NBA Champion,2001
423,NBA All-Star,1996
61,Olympic Appearance,1992
61,NBA Champion,1993
61,NBA Champion,1994
26,Olympic Appearance,1988
26,Olympic Appearance,1992
26,Olympic Appearance,2000
26,NBA Champion,1995
26,NBA Champion,1996
26,NBA Champion,1997
1855,All-Rookie Team2,1991
87,All-Defensive Team2,1994
87,All-Defensive Team1,1996
87,All-Defensive Team1,1997
87,All-Defensive Team2,1998
87,All-Defensive Team1,2000
87,All-Defensive Team2,2001
87,All-NBA3,1997
87,All-NBA2,2000
87,All-NBA3,2001
87,All-Rookie Team1,1991
87,Hall of Fame Inductee,2015
87,IBM Award,1998
87,J. Walter Kennedy Citizenship,2000
87,J. Walter Kennedy Citizenship,2008
87,NBA Defensive Player of the Year,1994
87,NBA Defensive Player of the Year,1996
87,NBA Defensive Player of the Year,1997
87,NBA Defensive Player of the Year,2000
87,NBA All-Star,1996
87,NBA All-Star,1997
87,NBA All-Star,1999
87,NBA All-Star,2000
87,NBA All-Star,2001
87,NBA All-Star,1991
87,NBA All-Star,1994
87,NBA All-Star,1995
182,All-Rookie Team1,1991
184,All-Defensive Team2,1995
914,All-Rookie Team2,1991
1125,All-Rookie Team2,1991
57,All-Defensive Team2,2000
57,All-Defensive Team2,2001
57,All-Defensive Team1,2002
57,All-Defensive Team2,2003
30,All-Rookie Team2,1992
111,All-Rookie Team1,1992
339,All-Rookie Team1,1992
339,NBA All-Star,1996
109,All-Rookie Team2,1992
109,NBA Champion,1993
109,NBA Champion,1994
109,NBA Champion,1999
109,NBA Champion,2000
109,NBA Champion,2001
109,NBA Champion,2004
109,NBA Champion,2006
363,All-Rookie Team1,1992
363,Olympic Gold Medal,1992
363,NBA All-Star,1996
931,NBA Most Improved Player,1993
297,Olympic Gold Medal,2000
297,All-Defensive Team1,1998
297,All-Defensive Team1,1999
297,All-NBA1,1998
297,All-NBA2,1999
297,All-Rookie Team1,1992
297,Hall of Fame Inductee,2014
297,J. Walter Kennedy Citizenship,2001
297,NBA Defensive Player of the Year,1998
297,NBA Defensive Player of the Year,1999
297,NBA All-Star,1994
297,NBA All-Star,1995
297,NBA All-Star,1999
297,NBA All-Star,2001
297,NBA All-Star,1993
297,NBA All-Star,1996
297,NBA All-Star,2000
297,NBA Champion,2005
406,All-Defensive Team2,1999
406,All-Defensive Team2,2000
406,All-Defensive Team2,2002
406,All-NBA3,1993
406,All-NBA2,1994
406,All-NBA3,1995
406,All-NBA3,1996
406,All-NBA1,1997
406,All-NBA2,1998
406,All-NBA1,1999
406,All-NBA1,2000
406,All-NBA1,2001
406,All-NBA1,2002
406,All-NBA1,2003
406,All-NBA1,2004
406,All-NBA1,2005
406,All-NBA3,2008
406,All-Rookie Team1,1992
406,Hall of Fame Inductee,2016
406,IBM Award,1999
406,IBM Award,2000
406,NBA All-Star Most Valuable Player,1999
406,NBA All-Star Most Valuable Player,2003
406,NBA All-Star Most Valuable Player,2008
406,NBA Finals Most Valuable Player,1999
406,NBA Finals Most Valuable Player,2000
406,NBA Finals Most Valuable Player,2001
406,NBA Most Valuable Player,1999
406,NBA Rookie of the Year,1992
406,NBA Sporting News Most Valuable Player of the Year,1999
406,NBA Sporting News Most Valuable Player of the Year,2004
406,NBA Sporting News Rookie of the Year,1992
406,Olympic Gold Medal,1996
406,NBA All-Star,1992
406,NBA All-Star,1993
406,NBA All-Star,1994
406,NBA All-Star,1995
406,NBA All-Star,2004
406,NBA All-Star,2005
406,NBA All-Star,2006
406,NBA All-Star,1997
406,NBA All-Star,1999
406,NBA All-Star,2002
406,NBA All-Star,2003
406,NBA All-Star,2008
406,NBA All-Star,1996
406,NBA All-Star,2000
406,NBA All-Star,2001
406,NBA Champion,1999
406,NBA Champion,2000
406,NBA Champion,2001
406,NBA Champion,2005
84,All-Defensive Team2,1993
84,All-NBA1,1993
84,All-Rookie Team2,1992
84,NBA All-Star,2000
84,NBA All-Star,1993
84,NBA All-Star,1994
84,NBA All-Star,1996
78415,Olympic Appearance,1992
221,All-Rookie Team2,1992
1005,All-Rookie Team2,1992
452,All-NBA3,1996
452,All-NBA2,1997
452,All-Rookie Team1,1993
452,Olympic Gold Medal,2000
452,NBA All-Star,1994
452,NBA All-Star,1995
452,NBA All-Star,1996
452,NBA All-Star,1997
762,All-Defensive Team2,1980
762,All-Rookie Team2,1993
136,All-Defensive Team2,1996
136,All-Defensive Team2,1998
136,All-Defensive Team2,2000
136,J. Walter Kennedy Citizenship,1996
136,NBA Sportsmanship,2003
136,NBA Champion,2007
197,NBA Champion,1997
208,All-NBA2,2003
208,NBA All-Star,2003
208,NBA Champion,2007
208,NBA Champion,1993
208,NBA Champion,1994
213,NBA All-Star,2000
1845,Olympic Appearance,1984
1845,Olympic Appearance,1988
1845,Olympic Appearance,1992
1845,Olympic Appearance,1996
1845,Olympic Appearance,2000
76839,Olympic Appearance,2000
358,All-NBA1,1994
358,All-NBA1,1995
358,All-NBA3,1996
358,All-Rookie Team1,1993
358,Olympic Gold Medal,1996
358,NBA All-Star,1994
358,NBA All-Star,1995
358,NBA All-Star,1996
358,NBA All-Star,1997
275,Olympic Gold Medal,2000
275,NBA All-Star,1999
275,NBA All-Star,2000
283,All-Rookie Team2,1993
283,NBA Champion,2003
283,NBA Champion,2001
1137,NBA Champion,1993
389,All-Rookie Team2,1993
389,NBA Sixth Man of the Year,1995
389,Olympic Appearance,1996
389,Olympic Silver Medal,1988
389,Olympic Silver Medal,1992
389,NBA Champion,1995
389,NBA Champion,1996
389,NBA Champion,1997
469,All-NBA3,2002
469,All-Rookie Team1,1993
469,NBA All-Star,2002
49,NBA Most Improved Player,1995
129,All-Rookie Team2,1993
129,Hall of Fame Inductee,2018
375,All-Rookie Team1,1993
915,NBA Sixth Man of the Year,1999
89,All-Rookie Team2,1993
89,NBA All-Star,1997
185,All-NBA2,1998
185,All-NBA3,1999
185,All-NBA1,2000
185,All-NBA2,2001
185,All-NBA2,2002
185,All-Rookie Team1,1993
185,NBA Rookie of the Year,1993
185,NBA Sporting News Rookie of the Year,1993
185,NBA All-Star,1996
185,NBA All-Star,1999
185,NBA All-Star,2000
185,NBA All-Star,2001
185,NBA All-Star,2002
353,NBA Most Improved Player,1998
353,NBA Sixth Man of the Year,1998
76128,Olympic Appearance,1992
76128,Olympic Appearance,2000
258,All-Rookie Team1,1994
258,J. Walter Kennedy Citizenship,1998
255,All-NBA2,1995
255,All-NBA1,1996
255,All-NBA2,1997
255,All-NBA2,1998
255,All-NBA2,1999
255,All-Rookie Team1,1994
255,Hall of Fame Inductee,2018
255,IBM Award,1996
255,NBA Rookie of the Year,1994
255,NBA Sporting News Rookie of the Year,1994
255,NBA Sportsmanship,2004
255,NBA Sportsmanship,2007
255,NBA Sportsmanship,2009
255,Olympic Gold Medal,1996
255,NBA All-Star,1994
255,NBA All-Star,1995
255,NBA All-Star,1996
255,NBA All-Star,1997
255,NBA All-Star,1999
255,NBA All-Star,2004
255,NBA All-Star,2000
436,All-NBA3,1995
436,All-Rookie Team2,1994
436,NBA All-Star,1995
436,NBA Champion,2011
436,NBA Champion,2012
224,All-Defensive Team2,1997
224,All-Defensive Team2,1998
224,All-Defensive Team2,1999
224,All-NBA3,1999
224,All-Rookie Team1,1994
224,NBA All-Star,1999
224,NBA All-Star,1996
224,NBA All-Star,1997
467,All-Defensive Team1,1998
467,All-Defensive Team2,1999
467,All-Defensive Team1,2000
467,All-Defensive Team1,2001
467,All-Defensive Team2,2002
467,All-Defensive Team2,2003
467,All-Defensive Team2,2004
467,All-Defensive Team1,2005
467,All-Defensive Team2,2006
467,All-NBA1,1998
467,All-NBA1,1999
467,All-NBA1,2000
467,All-NBA1,2001
467,All-NBA2,2002
467,All-NBA1,2003
467,All-Rookie Team1,1994
467,Hall of Fame Inductee,2018
467,NBA Rookie of the Year,1994
467,NBA Sportsmanship,2011
467,NBA Sportsmanship,2012
467,Olympic Gold Medal,2000
467,Olympic Gold Medal,2008
467,NBA All-Star,2001
467,NBA All-Star,2002
467,NBA All-Star,2003
467,NBA All-Star,2007
467,NBA All-Star,1995
467,NBA All-Star,1997
467,NBA All-Star,1999
467,NBA All-Star,2000
467,NBA All-Star,2009
467,NBA All-Star,2006
467,NBA Champion,2010
923,All-Rookie Team2,1994
243,NBA Sixth Man of the Year,2000
376,All-Rookie Team2,1994
445,All-Rookie Team2,1994
299,All-Rookie Team1,1994
299,NBA All-Star,1999
299,NBA All-Star,2000
299,NBA Champion,2004
147,All-Rookie Team2,1994
147,NBA Most Improved Player,1999
54,NBA Champion,1997
440,Olympic Appearance,1996
440,Olympic Silver Medal,1992
440,NBA Champion,1994
412,All-Rookie Team2,1994
699,All-Rookie Team2,1995
699,NBA Champion,2004
699,NBA Champion,2006
679,NBA Champion,1996
721,All-Rookie Team2,1995
714,All-Rookie Team1,1995
714,NBA All-Star,1999
714,NBA All-Star,2000
714,NBA Champion,2006
708,All-Defensive Team1,1999
708,All-Defensive Team1,2000
708,All-Defensive Team1,2001
708,All-Defensive Team1,2002
708,All-Defensive Team1,2003
708,All-Defensive Team1,2004
708,All-Defensive Team2,2005
708,All-Defensive Team2,2006
708,All-Defensive Team1,2007
708,All-Defensive Team1,2008
708,All-Defensive Team1,2010
708,All-Defensive Team2,2011
708,All-NBA3,1998
708,All-NBA1,1999
708,All-NBA2,2000
708,All-NBA2,2001
708,All-NBA1,2002
708,All-NBA1,2003
708,All-NBA2,2004
708,All-NBA3,2006
708,All-NBA1,2007
708,All-Rookie Team2,1995
708,J. Walter Kennedy Citizenship,2005
708,NBA All-Star Most Valuable Player,2002
708,NBA Defensive Player of the Year,2007
708,NBA Most Valuable Player,2003
708,NBA Sporting News Most Valuable Player of the Year,2003
708,Olympic Gold Medal,2000
708,NBA All-Star,2007
708,NBA All-Star,2008
708,NBA All-Star,2009
708,NBA All-Star,2010
708,NBA All-Star,2012
708,NBA All-Star,1996
708,NBA All-Star,1997
708,NBA All-Star,1999
708,NBA All-Star,2000
708,NBA All-Star,2001
708,NBA All-Star,2002
708,NBA All-Star,2003
708,NBA All-Star,2004
708,NBA All-Star,2005
708,NBA All-Star,2006
708,NBA Champion,2007
673,NBA Most Improved Player,1997
686,All-NBA3,1998
686,All-Rookie Team1,1995
686,Olympic Gold Medal,2000
686,NBA All-Star,2000
689,All-Defensive Team2,1998
689,All-Defensive Team2,2003
689,NBA All-Star,2000
735,All-Rookie Team2,1995
717,All-Rookie Team1,1995
717,Hall of Fame Inductee,2011
717,Olympic Bronze Medal,1992
717,Olympic Bronze Medal,1996
717,Olympic Gold Medal,1988
693,All-Rookie Team1,1995
727,All-Defensive Team2,2002
727,J. Walter Kennedy Citizenship,2004
727,NBA Sportsmanship,1999
711,All-Rookie Team1,1995
711,NBA All-Star,1999
711,NBA All-Star,2000
757,All-Rookie Team1,1995
757,NBA Rookie of the Year,1995
757,NBA Sporting News Rookie of the Year,1995
739,All-Rookie Team2,1995
739,NBA All-Star,2005
739,NBA All-Star,2007
739,NBA All-Star,1999
739,NBA All-Star,2000
739,NBA Champion,2003
722,NBA Sixth Man of the Year,2001
722,NBA Champion,2003
949,All-Rookie Team1,1996
949,NBA Sporting News Rookie of the Year,1996
949,Olympic Gold Medal,2000
949,NBA All-Star,2001
951,All-NBA3,2000
951,All-NBA2,2004
951,All-Rookie Team2,1996
951,Hall of Fame Inductee,2018
951,NBA Sportsmanship,2002
951,Olympic Gold Medal,2000
951,NBA All-Star,1999
951,NBA All-Star,2000
951,NBA All-Star,2001
951,NBA All-Star,2007
951,NBA All-Star,2008
951,NBA All-Star,2010
951,NBA All-Star,2003
951,NBA All-Star,2004
951,NBA All-Star,2005
951,NBA All-Star,2006
951,NBA Champion,2007
951,NBA Champion,2012
1000,NBA Champion,2005
1477,All-Defensive Team2,2000
1477,All-Defensive Team2,2001
1477,All-Defensive Team2,2002
1477,All-Defensive Team1,2003
1477,All-Defensive Team1,2004
1477,All-Defensive Team1,2005
1477,All-Defensive Team1,2006
1477,All-Defensive Team1,2007
1477,NBA Champion,2002
1477,NBA Champion,2004
1477,NBA Champion,2006
1361,Olympic Appearance,1988
1361,Olympic Appearance,1992
1361,Olympic Appearance,1996
1361,Olympic Appearance,2000
977,All-Defensive Team1,1999
977,All-Defensive Team2,2000
977,All-Defensive Team2,2001
977,All-Defensive Team1,2002
977,All-Defensive Team1,2003
977,All-Defensive Team1,2005
977,All-Defensive Team1,2006
977,All-Defensive Team1,2007
977,All-Defensive Team1,2008
977,All-Defensive Team1,2009
977,All-Defensive Team1,2010
977,All-Defensive Team2,2011
977,All-NBA3,1998
977,All-NBA2,1999
977,All-NBA2,2000
977,All-NBA1,2001
977,All-NBA1,2002
977,All-NBA1,2003
977,All-NBA3,2004
977,All-NBA1,2005
977,All-NBA1,2006
977,All-NBA1,2007
977,All-NBA1,2008
977,All-NBA1,2009
977,All-NBA1,2010
977,All-NBA1,2011
977,All-NBA1,2012
977,All-Rookie Team2,1996
977,NBA All-Star Most Valuable Player,2001
977,NBA All-Star Most Valuable Player,2006
977,NBA All-Star Most Valuable Player,2008
977,NBA All-Star Most Valuable Player,2010
977,NBA Finals Most Valuable Player,2008
977,NBA Finals Most Valuable Player,2009
977,NBA Most Valuable Player,2007
977,Olympic Gold Medal,2008
977,Olympic Gold Medal,2012
977,NBA All-Star,1997
977,NBA All-Star,1999
977,NBA All-Star,2000
977,NBA All-Star,2001
977,NBA All-Star,2002
977,NBA All-Star,2003
977,NBA All-Star,2004
977,NBA All-Star,2005
977,NBA All-Star,2006
977,NBA All-Star,2007
977,NBA All-Star,2008
977,NBA All-Star,2009
977,NBA All-Star,2010
977,NBA All-Star,2011
977,NBA All-Star,2012
977,NBA All-Star,2013
977,NBA All-Star,2014
977,NBA All-Star,2015
977,NBA Champion,1999
977,NBA Champion,2000
977,NBA Champion,2001
977,NBA Champion,2008
977,NBA Champion,2009
948,All-Defensive Team2,2004
948,All-Defensive Team2,2005
948,All-Defensive Team1,2006
948,All-Defensive Team1,2007
948,All-Rookie Team1,1996
948,NBA Defensive Player of the Year,2006
965,NBA Champion,1999
965,NBA Champion,2000
965,NBA Champion,2001
965,NBA Champion,2008
965,NBA Champion,2009
1032,NBA Champion,2003
1049,Olympic Appearance,1992
1049,Olympic Appearance,1996
1049,Olympic Appearance,2000
1049,Olympic Appearance,2004
947,All-NBA1,1998
947,All-NBA2,1999
947,All-NBA1,2000
947,All-NBA2,2001
947,All-NBA2,2002
947,All-NBA1,2004
947,All-NBA3,2005
947,All-Rookie Team1,1996
947,Hall of Fame Inductee,2016
947,NBA All-Star Most Valuable Player,2000
947,NBA All-Star Most Valuable Player,2004
947,NBA Most Valuable Player,2000
947,NBA Rookie of the Year,1996
947,NBA Sporting News Most Valuable Player of the Year,2000
947,Olympic Bronze Medal,2004
947,NBA All-Star,1999
947,NBA All-Star,2000
947,NBA All-Star,2001
947,NBA All-Star,2002
947,NBA All-Star,2003
947,NBA All-Star,2004
947,NBA All-Star,2005
947,NBA All-Star,2008
947,NBA All-Star,2009
947,NBA All-Star,2007
947,NBA All-Star,2006
954,All-Rookie Team2,1996
969,All-Rookie Team2,1996
969,NBA Champion,1999
1074,All-Rookie Team2,1996
950,All-NBA3,1999
950,All-NBA3,2002
950,All-Rookie Team1,1996
950,Olympic Bronze Medal,2004
950,NBA All-Star,2000
950,NBA All-Star,2002
959,All-NBA3,2001
959,All-NBA3,2002
959,All-NBA1,2004
959,All-NBA1,2005
959,All-NBA1,2006
959,All-NBA2,2007
959,All-NBA2,2009
959,Hall of Fame Inductee,2018
959,J. Walter Kennedy Citizenship,2006
959,NBA Most Valuable Player,2004
959,NBA Most Valuable Player,2005
959,NBA Sporting News Most Valuable Player of the Year,2005
959,Olympic Appearance,2000
959,NBA All-Star,2001
959,NBA All-Star,2002
959,NBA All-Star,2004
959,NBA All-Star,2005
959,NBA All-Star,2007
959,NBA All-Star,2009
959,NBA All-Star,2011
959,NBA All-Star,2006
979,All-NBA3,2001
979,All-NBA3,2002
979,All-NBA2,2003
979,NBA Most Improved Player,2001
979,NBA All-Star,2001
979,NBA All-Star,2002
979,NBA All-Star,2003
979,NBA All-Star,2004
979,NBA All-Star,2006
979,NBA All-Star,2005
990,NBA Champion,1998
990,NBA Champion,2002
952,All-Rookie Team1,1996
952,NBA All-Star,1997
952,NBA All-Star,2001
952,NBA All-Star,2002
952,NBA Champion,2005
955,NBA Champion,2001
1112,All-Defensive Team1,2001
1112,All-Defensive Team1,2002
1112,All-Defensive Team1,2003
1112,All-Defensive Team1,2004
1112,All-Defensive Team1,2005
1112,All-Defensive Team2,2006
1112,All-NBA3,2001
1112,All-NBA2,2002
1112,All-NBA2,2003
1112,All-NBA3,2004
1112,All-NBA2,2005
1112,NBA Defensive Player of the Year,2001
1112,NBA Defensive Player of the Year,2002
1112,NBA Defensive Player of the Year,2004
1112,NBA Defensive Player of the Year,2005
1112,NBA All-Star,2002
1112,NBA All-Star,2003
1112,NBA All-Star,2004
1112,NBA All-Star,2005
1112,NBA Champion,2003
1507,All-Rookie Team2,1997
1507,NBA Champion,2005
1512,Olympic Appearance,2000
1512,Olympic Appearance,2008
1497,All-Defensive Team2,2004
1497,All-Defensive Team2,2005
1497,All-NBA2,2005
1497,All-NBA3,2006
1497,All-NBA3,2008
1497,J. Walter Kennedy Citizenship,2007
1497,NBA Finals Most Valuable Player,2003
1497,NBA Sportsmanship,2008
1497,NBA All-Star,2005
1497,NBA All-Star,2006
1497,NBA All-Star,2007
1497,NBA All-Star,2008
1497,NBA All-Star,2009
1497,NBA Champion,2003
1498,NBA Champion,1998
1495,All-Defensive Team2,1997
1495,All-Defensive Team1,1998
1495,All-Defensive Team1,1999
1495,All-Defensive Team1,2000
1495,All-Defensive Team1,2001
1495,All-Defensive Team1,2002
1495,All-Defensive Team2,2003
1495,All-Defensive Team1,2004
1495,All-Defensive Team2,2005
1495,All-Defensive Team1,2006
1495,All-Defensive Team1,2007
1495,All-Defensive Team2,2008
1495,All-Defensive Team2,2009
1495,All-Defensive Team2,2012
1495,All-Defensive Team2,2014
1495,All-NBA1,1997
1495,All-NBA1,1998
1495,All-NBA1,1999
1495,All-NBA1,2000
1495,All-NBA1,2001
1495,All-NBA1,2002
1495,All-NBA1,2003
1495,All-NBA1,2004
1495,All-NBA2,2005
1495,All-NBA1,2006
1495,All-NBA2,2007
1495,All-NBA2,2008
1495,All-NBA3,2009
1495,All-NBA1,2012
1495,All-NBA3,2014
1495,All-Rookie Team1,1997
1495,IBM Award,2001
1495,NBA All-Star Most Valuable Player,1999
1495,NBA Finals Most Valuable Player,1998
1495,NBA Finals Most Valuable Player,2002
1495,NBA Finals Most Valuable Player,2004
1495,NBA Most Valuable Player,2001
1495,NBA Most Valuable Player,2002
1495,NBA Rookie of the Year,1997
1495,NBA Sporting News Most Valuable Player of the Year,2001
1495,NBA Sporting News Most Valuable Player of the Year,2002
1495,NBA Sporting News Rookie of the Year,1997
1495,Olympic Bronze Medal,2004
1495,NBA All-Star,1997
1495,NBA All-Star,1999
1495,NBA All-Star,2000
1495,NBA All-Star,2001
1495,NBA All-Star,2002
1495,NBA All-Star,2003
1495,NBA All-Star,2004
1495,NBA All-Star,2005
1495,NBA All-Star,2006
1495,NBA All-Star,2007
1495,NBA All-Star,2008
1495,NBA All-Star,2009
1495,NBA All-Star,2010
1495,NBA All-Star,2012
1495,NBA All-Star,2014
1495,NBA Champion,1998
1495,NBA Champion,2002
1495,NBA Champion,2004
1495,NBA Champion,2006
1495,NBA Champion,2013
1682,Hall of Fame Inductee,1960
980,All-Rookie Team1,1997
980,NBA All-Star,2002
980,NBA All-Star,2004
1517,All-Rookie Team2,1997
1517,NBA Sixth Man of the Year,2002
1510,All-Rookie Team1,1997
1503,All-NBA2,2000
1503,All-NBA1,2001
1503,All-NBA1,2002
1503,All-NBA2,2003
1503,All-NBA3,2004
1503,All-NBA2,2006
1503,All-NBA3,2007
1503,Hall of Fame Inductee,2017
1503,NBA Most Improved Player,2000
1503,NBA All-Star,2000
1503,NBA All-Star,2001
1503,NBA All-Star,2002
1503,NBA All-Star,2003
1503,NBA All-Star,2004
1503,NBA All-Star,2005
1503,NBA All-Star,2006
1500,All-Rookie Team1,1997
1508,All-Rookie Team2,1997
1501,All-Rookie Team2,1997
1496,All-Rookie Team1,1997
1521,NBA Champion,2006
1710,All-Rookie Team1,1998
1713,All-NBA3,1999
1713,All-NBA2,2000
1713,All-Rookie Team1,1998
1713,NBA Rookie of the Year,1998
1713,NBA Sporting News Rookie of the Year,1998
1713,Olympic Gold Medal,2000
1713,NBA All-Star,1999
1713,NBA All-Star,2000
1713,NBA All-Star,2002
1713,NBA All-Star,2003
1713,NBA All-Star,2004
1713,NBA All-Star,2005
1713,NBA All-Star,2006
1713,NBA All-Star,2001
1722,All-Rookie Team2,1998
1720,All-Rookie Team2,1998
1720,NBA Champion,2005
1723,All-Rookie Team1,1998
1716,All-Defensive Team1,2004
1712,All-Rookie Team2,1998
1712,NBA Sixth Man of the Year,2003
1712,NBA All-Star,2004
1712,NBA All-Star,2007
1562,NBA Champion,1998
1740,NBA All-Star,2008
1740,NBA All-Star,2004
1740,NBA Champion,2012
1731,NBA Champion,2000
1752,Olympic Appearance,2000
1752,Olympic Appearance,2004
1802,NBA All-Star,2002
1802,NBA All-Star,2003
1749,All-Rookie Team2,1998
1737,NBA Champion,2004
1725,NBA Champion,2004
1717,All-NBA3,2000
1717,All-NBA2,2001
1717,All-NBA2,2002
1717,All-NBA3,2003
1717,All-NBA1,2004
1717,All-NBA1,2005
1717,All-NBA1,2006
1717,All-NBA2,2007
1717,All-NBA1,2008
1717,All-NBA2,2009
1717,All-NBA2,2010
1717,All-NBA3,2011
1717,NBA Finals Most Valuable Player,2010
1717,NBA Most Valuable Player,2006
1717,NBA Sporting News Most Valuable Player of the Year,2006
1717,Olympic Appearance,2008
1717,NBA All-Star,2018
1717,NBA All-Star,2001
1717,NBA All-Star,2002
1717,NBA All-Star,2003
1717,NBA All-Star,2004
1717,NBA All-Star,2005
1717,NBA All-Star,2006
1717,NBA All-Star,2007
1717,NBA All-Star,2008
1717,NBA All-Star,2009
1717,NBA All-Star,2010
1717,NBA All-Star,2011
1717,NBA All-Star,2013
1717,NBA All-Star,2014
1717,NBA Champion,2010
1709,All-Rookie Team2,1998
1718,All-NBA3,2001
1718,All-NBA3,2002
1718,All-NBA3,2007
1718,All-NBA2,2008
1718,All-Rookie Team1,1998
1718,NBA Finals Most Valuable Player,2007
1718,NBA All-Star,2001
1718,NBA All-Star,2002
1718,NBA All-Star,2003
1718,NBA All-Star,2004
1718,NBA All-Star,2005
1718,NBA All-Star,2007
1718,NBA All-Star,2008
1718,NBA All-Star,2009
1718,NBA All-Star,2010
1718,NBA All-Star,2011
1718,NBA Champion,2007
978,All-NBA2,2003
978,Olympic Appearance,2000
978,NBA All-Star,2001
978,NBA All-Star,2002
978,NBA All-Star,2003
978,NBA Champion,2010
1715,All-Rookie Team1,1998
1715,NBA Champion,2005
1088,All-Rookie Team2,1999
1882,All-NBA2,2005
1882,All-Rookie Team1,1999
1882,NBA Rookie of the Year,1999
1882,NBA Sporting News Rookie of the Year,1999
1882,NBA Sportsmanship,2005
1882,NBA All-Star,2001
1882,NBA All-Star,2005
1884,All-NBA3,2003
1884,NBA All-Star,2001
1884,NBA All-Star,2003
1883,All-Rookie Team1,1999
1883,NBA Rookie of the Year,1999
1883,NBA All-Star,2001
1883,NBA All-Star,2002
1883,NBA All-Star,2003
1904,NBA Champion,1999
1904,NBA Champion,2000
1904,NBA Champion,2001
1888,NBA All-Star,2005
1888,NBA All-Star,2006
1888,NBA All-Star,2007
1888,NBA Champion,2003
1928,Olympic Appearance,2000
1890,All-NBA3,2004
1890,All-NBA3,2005
1890,All-Rookie Team2,1999
1890,Olympic Bronze Medal,2004
1890,NBA All-Star,2002
1890,NBA All-Star,2004
1890,NBA All-Star,2005
1890,NBA All-Star,2006
1890,NBA Champion,2010
1889,All-Rookie Team1,1999
1885,All-Rookie Team1,1999
1885,NBA Sixth Man of the Year,2010
1885,Olympic Bronze Medal,2004
1885,NBA Champion,2008
1885,NBA Champion,2009
1899,All-Rookie Team2,1999
1899,NBA Champion,2007
1899,NBA Champion,2005
1887,All-Rookie Team1,1999
1887,NBA All-Star,2001
1891,All-Rookie Team2,1999
1891,NBA Sixth Man of the Year,2008
1891,NBA Champion,2010
1897,J. Walter Kennedy Citizenship,2010
1897,NBA Defensive Player of the Year,2003
1897,All-Defensive Team2,2002
1897,All-Defensive Team1,2003
1897,All-Defensive Team1,2005
1897,All-Defensive Team2,2008
1897,All-NBA3,2003
1897,All-Rookie Team2,1999
1897,NBA All-Star,2003
1897,NBA Champion,2009
2042,All-Rookie Team2,2000
1952,All-Defensive Team1,2006
1952,All-Defensive Team2,2007
2073,NBA Champion,2010
2037,NBA Sixth Man of the Year,2009
2037,NBA Sixth Man of the Year,2013
2037,NBA Sixth Man of the Year,2015
2033,All-Rookie Team2,2000
2067,NBA Champion,2007
1531,All-Rookie Team1,2000
1536,NBA Champion,2002
2058,NBA Champion,2000
2058,NBA Champion,2001
2048,NBA All-Star,2003
2030,All-Rookie Team1,2000
2030,NBA All-Star,2003
2046,All-Rookie Team2,2000
2098,NBA Champion,2001
2036,All-Rookie Team2,2000
2032,All-Rookie Team1,2000
2034,All-Rookie Team1,2000
2034,NBA Rookie of the Year,2000
2034,NBA Sixth Man of the Year,2005
2034,NBA Sporting News Rookie of the Year,2000
2034,NBA Champion,2011
2034,NBA Champion,2012
2071,Olympic Appearance,2012
2050,All-Rookie Team1,2000
2072,All-NBA3,2003
2072,Olympic Gold Medal,2008
2072,NBA All-Star,2003
2143,Olympic Gold Medal,2004
2091,Olympic Appearance,1996
2091,Olympic Appearance,2004
2052,NBA Champion,2010
1434,Olympic Appearance,2000
2045,NBA Most Improved Player,2007
2045,All-Rookie Team2,2000
2106,Olympic Appearance,1996
2106,Olympic Gold Medal,2004
1917,Olympic Appearance,1996
1917,Olympic Appearance,2000
1917,Olympic Appearance,2008
1917,Olympic Appearance,2012
2365,NBA Champion,2012
2240,All-NBA3,2004
2240,All-NBA3,2005
2240,All-NBA2,2006
2240,NBA Most Improved Player,2002
2240,NBA All-Star,2004
2240,NBA All-Star,2005
2240,NBA All-Star,2006
2306,Olympic Appearance,2004
2203,All-Defensive Team2,2007
2203,All-Defensive Team2,2008
2203,All-Rookie Team1,2001
2203,NBA Champion,2011
2203,NBA Champion,2012
2199,All-Defensive Team2,2010
2199,All-Defensive Team2,2011
2199,All-Defensive Team1,2012
2199,All-NBA3,2011
2199,NBA Defensive Player of the Year,2011
2199,Olympic Gold Medal,2012
2199,NBA All-Star,2012
2199,NBA Champion,2010
2049,NBA Champion,2002
2201,NBA Champion,2011
2223,J. Walter Kennedy Citizenship,2009
2200,Olympic Bronze Medal,2016
2200,All-NBA3,2008
2200,All-NBA3,2009
2200,All-NBA2,2010
2200,All-NBA2,2014
2200,All-Rookie Team1,2001
2200,J. Walter Kennedy Citizenship,2011
2200,NBA Rookie of the Year,2001
2200,Olympic Appearance,2004
2200,Olympic Silver Medal,2008
2200,Olympic Silver Medal,2012
2200,NBA All-Star,2014
2200,NBA All-Star,2015
2200,NBA All-Star,2005
2200,NBA All-Star,2008
2200,NBA All-Star,2009
2200,NBA All-Star,2010
2200,NBA Champion,2008
2200,NBA Champion,2009
2204,All-Rookie Team2,2001
2217,NBA Champion,2010
2210,All-Rookie Team2,2001
2210,Olympic Bronze Medal,2004
2210,NBA Champion,2015
2207,All-NBA3,2009
2207,All-Rookie Team2,2001
2207,NBA All-Star,2006
2207,NBA All-Star,2007
2207,NBA All-Star,2008
2207,NBA All-Star,2009
2207,NBA All-Star,2010
2207,NBA All-Star,2011
2207,NBA All-Star,2013
1905,All-Defensive Team2,2003
1905,All-Defensive Team2,2004
1905,All-Defensive Team1,2005
1905,All-Rookie Team1,2001
1905,Olympic Appearance,2000
1905,Olympic Appearance,2008
1905,Olympic Bronze Medal,2012
1905,NBA All-Star,2003
2225,All-NBA3,2008
2225,All-NBA2,2011
2225,All-NBA2,2012
2225,All-NBA2,2013
2225,All-Rookie Team1,2001
2225,NBA Finals Most Valuable Player,2006
2225,NBA Sporting News Rookie of the Year,2001
2225,Olympic Appearance,2012
2225,NBA All-Star,2005
2225,NBA All-Star,2008
2225,NBA All-Star,2011
2225,NBA All-Star,2012
2225,NBA All-Star,2013
2225,NBA All-Star,2006
2225,NBA Champion,2002
2225,NBA Champion,2004
2225,NBA Champion,2006
2225,NBA Champion,2013
2209,All-Rookie Team2,2001
2209,Olympic Appearance,2004
2216,All-NBA3,2010
2216,NBA Most Improved Player,2003
2216,NBA All-Star,2009
2216,NBA All-Star,2012
1442,All-Rookie Team2,2001
2202,All-Rookie Team1,2001
2243,NBA Champion,2007
2250,NBA Most Improved Player,2004
2224,All-Rookie Team2,2001
2222,All-Defensive Team1,2009
2222,NBA All-Star,2009
2425,Olympic Appearance,2012
2430,All-NBA3,2007
2430,All-Rookie Team2,2002
2430,Olympic Bronze Medal,2004
2430,Olympic Gold Medal,2008
2430,NBA All-Star,2006
2430,NBA All-Star,2007
2452,All-Rookie Team2,2002
2484,NBA Champion,2004
2406,All-Rookie Team1,2002
2406,NBA All-Star,2006
2406,NBA All-Star,2007
1938,All-NBA3,2007
1938,All-NBA3,2010
1938,All-Rookie Team2,2002
1938,NBA Sixth Man of the Year,2007
1938,Olympic Appearance,2012
1938,Olympic Bronze Medal,2008
1938,Olympic Gold Medal,2004
1938,NBA All-Star,2004
1938,NBA All-Star,2010
1938,NBA Champion,2002
1938,NBA Champion,2004
1938,NBA Champion,2006
1938,NBA Champion,2013
1921,All-Rookie Team2,2002
2400,All-Rookie Team1,2002
2403,All-Rookie Team1,2002
2403,Olympic Appearance,2012
2397,All-NBA3,2003
2397,All-NBA3,2005
2397,All-NBA2,2006
2397,All-NBA3,2007
2397,All-NBA2,2008
2397,All-Rookie Team1,2002
2397,Hall of Fame Inductee,2016
2397,NBA Sporting News Rookie of the Year,2002
2397,Olympic Appearance,2000
2397,Olympic Appearance,2004
2397,Olympic Appearance,2008
2397,NBA All-Star,2002
2397,NBA All-Star,2003
2397,NBA All-Star,2004
2397,NBA All-Star,2005
2397,NBA All-Star,2006
2397,NBA All-Star,2007
2397,NBA All-Star,2008
2397,NBA All-Star,2010
2246,NBA All-Star,2006
2246,NBA Champion,2003
2419,All-Defensive Team2,2004
2419,All-Defensive Team2,2005
2419,All-Defensive Team2,2006
2419,All-Defensive Team2,2007
2419,Olympic Gold Medal,2008
2419,NBA Champion,2003
2080,Olympic Appearance,2000
2080,Olympic Appearance,2004
2405,All-NBA2,2004
2405,All-NBA1,2006
2405,All-NBA2,2007
2405,All-NBA2,2009
2405,All-NBA2,2010
2405,All-Rookie Team1,2002
2405,NBA Rookie of the Year,2002
2405,Olympic Bronze Medal,2004
2405,NBA All-Star,2010
2405,NBA All-Star,2004
2405,NBA All-Star,2006
2405,NBA All-Star,2007
2405,NBA All-Star,2008
2405,NBA All-Star,2009
2398,All-Rookie Team2,2002
2546,All-NBA3,2005
2546,All-NBA3,2006
2546,All-NBA3,2008
2546,All-NBA2,2009
2546,All-NBA3,2011
2546,All-NBA2,2012
2546,All-Rookie Team1,2003
2546,Olympic Bronze Medal,2004
2546,Olympic Gold Medal,2008
2546,Olympic Gold Medal,2012
2546,Olympic Gold Medal,2016
2546,NBA All-Star,2011
2546,NBA All-Star,2012
2546,NBA All-Star,2013
2546,NBA All-Star,2014
2546,NBA All-Star,2015
2546,NBA All-Star,2016
2546,NBA All-Star,2007
2546,NBA All-Star,2009
2546,NBA All-Star,2010
2546,NBA All-Star,2006
2571,NBA Sixth Man of the Year,2006
2571,Olympic Appearance,2012
2571,NBA Champion,2014
2440,NBA Champion,2016
2547,All-NBA2,2006
2547,All-Rookie Team1,2003
2547,Olympic Gold Medal,2008
2547,NBA All-Star,2005
2547,NBA All-Star,2006
2547,NBA All-Star,2007
2547,NBA All-Star,2008
2547,NBA All-Star,2009
2547,NBA All-Star,2010
2547,NBA All-Star,2011
2547,NBA All-Star,2012
2547,NBA All-Star,2013
2547,NBA All-Star,2014
2547,NBA All-Star,2015
2547,NBA Champion,2011
2547,NBA Champion,2012
2605,All-Rookie Team2,2003
2564,NBA Most Improved Player,2005
2564,Olympic Appearance,2012
2564,NBA Champion,2013
1922,NBA Champion,2006
2551,All-Rookie Team2,2003
2682,Olympic Appearance,2012
2617,All-Rookie Team2,2003
2617,NBA Champion,2005
2617,NBA Champion,2011
2617,NBA Champion,2012
2553,All-Rookie Team2,2003
2550,All-Defensive Team2,2006
2550,All-Rookie Team1,2003
2572,All-Rookie Team2,2003
2544,All-Defensive Team1,2008
2544,All-Defensive Team1,2009
2544,All-Defensive Team1,2010
2544,All-Defensive Team1,2011
2544,All-Defensive Team1,2012
2544,All-Defensive Team2,2013
2544,All-NBA2,2004
2544,All-NBA1,2005
2544,All-NBA2,2006
2544,All-NBA1,2007
2544,All-NBA1,2008
2544,All-NBA1,2009
2544,All-NBA1,2010
2544,All-NBA1,2011
2544,All-NBA1,2012
2544,All-NBA1,2013
2544,All-NBA1,2014
2544,All-NBA1,2015
2544,All-NBA1,2016
2544,All-NBA1,2017
2544,All-NBA3,2018
2544,All-NBA1,2019
2544,All-NBA2,2020
2544,All-Rookie Team1,2003
2544,NBA All-Star Most Valuable Player,2005
2544,NBA All-Star Most Valuable Player,2007
2544,NBA All-Star Most Valuable Player,2017
2544,NBA Finals Most Valuable Player,2011
2544,NBA Finals Most Valuable Player,2012
2544,NBA Finals Most Valuable Player,2015
2544,NBA Finals Most Valuable Player,2019
2544,NBA Most Valuable Player,2008
2544,NBA Most Valuable Player,2009
2544,NBA Most Valuable Player,2011
2544,NBA Most Valuable Player,2012
2544,NBA Rookie of the Year,2003
2544,NBA Sporting News Most Valuable Player of the Year,2005
2544,NBA Sporting News Rookie of the Year,2003
2544,Olympic Bronze Medal,2004
2544,Olympic Gold Medal,2008
2544,Olympic Gold Medal,2012
2544,All-NBA3,2021
2544,All-NBA3,2022
2544,NBA In-Season Tournament Most Valuable Player,2023
2544,NBA In-Season Tournament All-Tournament1,2023
2544,All-NBA3,2023
2544,NBA All-Star,2004
2544,NBA All-Star,2005
2544,NBA All-Star,2006
2544,NBA All-Star,2007
2544,NBA All-Star,2008
2544,NBA All-Star,2009
2544,NBA All-Star,2010
2544,NBA All-Star,2011
2544,NBA All-Star,2012
2544,NBA All-Star,2013
2544,NBA All-Star,2014
2544,NBA All-Star,2015
2544,NBA All-Star,2016
2544,NBA All-Star,2017
2544,NBA All-Star,2018
2544,NBA All-Star,2019
2544,NBA All-Star,2020
2544,NBA All-Star,2021
2544,NBA All-Star,2022
2544,NBA All-Star,2023
2544,NBA Champion,2015
2544,NBA Champion,2019
2544,NBA Champion,2011
2544,NBA Champion,2012
2544,Olympic Gold Medal,2024
2563,NBA Champion,2015
2592,NBA Champion,2015
2592,NBA Champion,2011
2592,NBA Champion,2012
2549,Olympic Appearance,2008
2549,NBA All-Star,2009
2574,NBA Champion,2005
2594,NBA Sportsmanship,2014
2594,NBA All-Star,2014
2221,Olympic Appearance,2000
2221,Olympic Silver Medal,2008
2545,NBA Champion,2003
2585,NBA Champion,2016
2585,NBA Champion,2017
2632,Olympic Appearance,2000
2632,Olympic Appearance,2004
2570,NBA Champion,2007
2565,Olympic Appearance,2008
2443,Olympic Appearance,2004
2443,Olympic Appearance,2012
2443,Olympic Bronze Medal,2000
2548,Olympic Bronze Medal,2004
2548,All-Defensive Team2,2004
2548,All-Defensive Team2,2008
2548,All-Defensive Team2,2009
2548,All-NBA2,2004
2548,All-NBA2,2005
2548,All-NBA3,2006
2548,All-NBA1,2008
2548,All-NBA1,2009
2548,All-NBA2,2010
2548,All-NBA3,2011
2548,All-NBA3,2012
2548,All-Rookie Team1,2003
2548,NBA All-Star Most Valuable Player,2009
2548,NBA Finals Most Valuable Player,2005
2548,Olympic Gold Medal,2008
2548,NBA All-Star,2004
2548,NBA All-Star,2005
2548,NBA All-Star,2006
2548,NBA All-Star,2007
2548,NBA All-Star,2008
2548,NBA All-Star,2009
2548,NBA All-Star,2010
2548,NBA All-Star,2011
2548,NBA All-Star,2012
2548,NBA All-Star,2013
2548,NBA All-Star,2014
2548,NBA All-Star,2015
2548,NBA All-Star,2018
2548,NBA Champion,2005
2548,NBA Champion,2011
2548,NBA Champion,2012
2575,NBA Champion,2008
2575,NBA Champion,2009
2561,NBA All-Star,2007
2561,NBA All-Star,2008
2561,NBA Champion,2016
2561,NBA Champion,2017
2590,NBA All-Star,2008
2590,NBA Champion,2015
2754,All-Defensive Team2,2010
2754,All-Defensive Team1,2011
2754,All-Defensive Team1,2012
2754,All-Defensive Team1,2014
2754,All-Defensive Team2,2015
2754,All-Defensive Team2,2016
2754,NBA Champion,2007
2772,NBA Champion,2008
2588,NBA Champion,2006
2588,NBA Champion,2013
2735,All-Rookie Team2,2004
2568,Olympic Appearance,2012
2568,Olympic Bronze Medal,2008
2568,Olympic Gold Medal,2004
2736,All-Defensive Team2,2011
2736,All-Rookie Team1,2004
2736,NBA Sportsmanship,2006
2736,Olympic Appearance,2012
2736,NBA All-Star,2011
2736,NBA All-Star,2012
2732,All-Rookie Team1,2004
2732,NBA Sixth Man of the Year,2004
2734,NBA All-Star,2008
2730,All-Defensive Team2,2007
2730,All-Defensive Team1,2008
2730,All-Defensive Team1,2009
2730,All-Defensive Team1,2010
2730,All-Defensive Team1,2011
2730,All-NBA3,2006
2730,All-NBA1,2007
2730,All-NBA1,2008
2730,All-NBA1,2009
2730,All-NBA1,2010
2730,All-NBA1,2011
2730,All-NBA3,2012
2730,All-NBA2,2013
2730,All-Rookie Team1,2004
2730,NBA Defensive Player of the Year,2008
2730,NBA Defensive Player of the Year,2009
2730,NBA Defensive Player of the Year,2010
2730,Olympic Gold Medal,2008
2730,NBA All-Star,2006
2730,NBA All-Star,2007
2730,NBA All-Star,2008
2730,NBA All-Star,2009
2730,NBA All-Star,2010
2730,NBA All-Star,2011
2730,NBA All-Star,2012
2730,NBA All-Star,2013
2730,NBA Champion,2019
2738,All-Defensive Team2,2010
2738,All-Defensive Team1,2013
2738,All-Rookie Team1,2004
2738,NBA Finals Most Valuable Player,2014
2738,Olympic Gold Medal,2012
2738,NBA All-Star,2011
2738,NBA Champion,2014
2738,NBA Champion,2016
2738,NBA Champion,2017
2738,NBA Champion,2021
2788,NBA Champion,2008
2788,NBA Champion,2009
2744,All-NBA3,2013
2744,All-Rookie Team2,2004
2751,Olympic Appearance,2008
2751,Olympic Bronze Medal,2012
2420,All-Rookie Team2,2004
2420,Olympic Appearance,2004
2733,NBA Champion,2014
2733,NBA Champion,2016
2733,NBA Champion,2017
2749,All-Rookie Team2,2004
2749,NBA All-Star,2008
2804,Olympic Appearance,2012
2804,Olympic Bronze Medal,2008
2804,Olympic Gold Medal,2004
2731,All-Rookie Team1,2004
2731,NBA Rookie of the Year,2004
2731,NBA Sporting News Rookie of the Year,2004
2731,Olympic Bronze Medal,2004
2762,Olympic Appearance,2004
2747,NBA Sixth Man of the Year,2012
2747,NBA Champion,2015
2747,NBA Champion,2019
2746,All-Defensive Team2,2009
2746,All-Rookie Team2,2004
2757,NBA Champion,2004
2757,NBA Champion,2006
2760,All-Defensive Team2,2009
2760,Olympic Appearance,2012
2756,NBA Champion,2008
2756,NBA Champion,2009
101106,All-Defensive Team2,2014
101106,All-NBA3,2009
101106,All-Rookie Team1,2005
101106,Olympic Appearance,2004
101106,Olympic Appearance,2008
101106,NBA Champion,2014
101115,All-NBA2,2011
101115,NBA All-Star,2011
101115,NBA Champion,2008
101115,NBA Champion,2009
101181,Olympic Bronze Medal,2016
101181,Olympic Appearance,2004
101181,Olympic Silver Medal,2008
101181,Olympic Silver Medal,2012
101113,Olympic Appearance,2012
101145,NBA Most Improved Player,2006
101109,All-Rookie Team2,2005
101112,All-Rookie Team1,2005
101112,NBA Champion,2015
101155,All-Rookie Team2,2005
101122,All-Rookie Team2,2005
101122,NBA Most Improved Player,2008
101122,NBA All-Star,2008
101129,All-Rookie Team2,2005
101180,Olympic Appearance,2004
101180,Olympic Appearance,2008
101180,Olympic Bronze Medal,2000
101132,Olympic Appearance,2008
101132,Olympic Appearance,2012
101135,All-NBA3,2012
101135,NBA All-Star,2009
101135,NBA All-Star,2012
101135,NBA Champion,2014
101178,Olympic Appearance,2004
101177,Olympic Appearance,1996
101177,Olympic Bronze Medal,2008
101177,Olympic Gold Medal,2004
101177,NBA Champion,2006
101108,All-Defensive Team2,2007
101108,All-Defensive Team1,2008
101108,All-Defensive Team2,2010
101108,All-Defensive Team1,2011
101108,All-Defensive Team1,2012
101108,All-Defensive Team1,2013
101108,All-Defensive Team1,2014
101108,All-Defensive Team1,2015
101108,All-NBA1,2007
101108,All-NBA2,2008
101108,All-NBA3,2010
101108,All-NBA1,2011
101108,All-NBA1,2012
101108,All-NBA1,2013
101108,All-NBA2,2014
101108,All-NBA2,2015
101108,All-NBA2,2019
101108,All-Rookie Team1,2005
101108,NBA All-Star Most Valuable Player,2012
101108,NBA Rookie of the Year,2005
101108,NBA Sporting News Rookie of the Year,2005
101108,Olympic Gold Medal,2008
101108,Olympic Gold Medal,2012
101108,All-Defensive Team1,2016
101108,All-NBA3,2021
101108,All-NBA2,2020
101108,NBA All-Star,2007
101108,NBA All-Star,2008
101108,NBA All-Star,2009
101108,NBA All-Star,2010
101108,NBA All-Star,2011
101108,NBA All-Star,2012
101108,NBA All-Star,2013
101108,NBA All-Star,2014
101108,NBA All-Star,2015
101108,NBA All-Star,2019
101108,NBA All-Star,2020
101108,NBA All-Star,2021
2694,NBA Champion,2008
2694,NBA Champion,2009
101134,NBA Champion,2005
101142,Olympic Appearance,2012
101142,NBA Champion,2011
101111,All-Rookie Team1,2005
101114,All-NBA2,2007
101114,All-NBA2,2009
101114,All-Rookie Team1,2005
101114,Olympic Gold Medal,2008
101114,Olympic Gold Medal,2012
101114,NBA All-Star,2011
101114,NBA All-Star,2009
101114,NBA All-Star,2010
101150,NBA Sixth Man of the Year,2014
101150,NBA Sixth Man of the Year,2017
101150,NBA Sixth Man of the Year,2018
101107,All-Rookie Team2,2005
200746,All-NBA3,2010
200746,All-NBA3,2013
200746,All-NBA2,2014
200746,All-NBA3,2015
200746,All-NBA2,2017
200746,All-Rookie Team1,2006
200746,NBA All-Star,2017
200746,NBA All-Star,2011
200746,NBA All-Star,2012
200746,NBA All-Star,2013
200746,NBA All-Star,2014
200746,NBA All-Star,2015
200746,NBA All-Star,2018
200826,NBA Champion,2010
200745,All-Rookie Team1,2006
200769,NBA Champion,2008
200769,NBA Champion,2009
200821,Olympic Appearance,2012
200770,NBA Champion,2008
200770,NBA Champion,2009
200751,All-Rookie Team1,2006
200816,All-Rookie Team1,2006
200816,Olympic Appearance,2000
200816,Olympic Appearance,2004
200816,Olympic Silver Medal,2008
200752,All-Rookie Team1,2006
101153,Olympic Appearance,2012
2601,Olympic Appearance,2008
200835,All-Rookie Team2,2006
200835,Olympic Gold Medal,2004
200768,All-NBA3,2015
200768,Olympic Gold Medal,2016
200768,NBA All-Star,2014
200768,NBA All-Star,2015
200768,NBA All-Star,2016
200768,NBA All-Star,2018
200768,NBA All-Star,2019
200768,NBA All-Star,2017
200768,NBA Champion,2018
200822,Olympic Appearance,2012
200794,All-Defensive Team2,2015
200794,All-Rookie Team2,2006
200794,All-Rookie Team2,2006
200794,NBA All-Star,2013
200794,NBA All-Star,2014
200794,NBA All-Star,2015
200794,NBA All-Star,2016
200747,All-Rookie Team2,2006
200747,NBA Champion,2008
200747,NBA Champion,2009
200796,NBA Champion,2007
200771,Olympic Bronze Medal,2016
200771,Olympic Silver Medal,2012
200765,All-Defensive Team2,2008
200765,All-Defensive Team1,2009
200765,All-Defensive Team1,2010
200765,All-Defensive Team2,2011
200765,All-NBA3,2011
200765,All-Rookie Team2,2006
200765,NBA All-Star,2009
200765,NBA All-Star,2010
200765,NBA All-Star,2011
200765,NBA All-Star,2012
200765,NBA Champion,2007
200765,NBA Champion,2019
200750,All-NBA2,2008
200750,All-NBA3,2009
200750,All-Rookie Team1,2006
200750,NBA Rookie of the Year,2006
200750,NBA Sporting News Rookie of the Year,2006
200750,NBA All-Star,2007
200750,NBA All-Star,2008
200750,NBA All-Star,2009
200757,All-Defensive Team2,2009
200783,All-Rookie Team2,2006
200748,All-Rookie Team2,2006
200782,NBA Champion,2020
201202,NBA Champion,2011
201202,NBA Champion,2012
201158,NBA Champion,2013
201147,NBA Champion,2010
201166,NBA Most Improved Player,2009
201144,All-Defensive Team2,2012
201144,NBA Sportsmanship,2013
201144,NBA All-Star,2020
201175,NBA Champion,2007
201162,NBA Champion,2019
201142,All-NBA1,2009
201142,All-NBA1,2010
201142,All-NBA1,2011
201142,All-NBA1,2012
201142,All-NBA1,2013
201142,All-NBA2,2015
201142,All-NBA2,2016
201142,All-NBA1,2017
201142,All-NBA2,2018
201142,All-Rookie Team1,2007
201142,NBA All-Star Most Valuable Player,2011
201142,NBA All-Star Most Valuable Player,2018
201142,NBA Finals Most Valuable Player,2016
201142,NBA Finals Most Valuable Player,2017
201142,NBA Most Valuable Player,2013
201142,NBA Rookie of the Year,2007
201142,Olympic Gold Medal,2012
201142,All-NBA2,2021
201142,NBA In-Season Tournament All-Tournament1,2023
201142,Olympic Gold Medal,2016
201142,Olympic Gold Medal,2020
201142,All-NBA2,2023
201142,NBA All-Star,2017
201142,NBA All-Star,2020
201142,NBA All-Star,2021
201142,NBA All-Star,2009
201142,NBA All-Star,2010
201142,NBA All-Star,2011
201142,NBA All-Star,2012
201142,NBA All-Star,2013
201142,NBA All-Star,2014
201142,NBA All-Star,2015
201142,NBA All-Star,2016
201142,NBA All-Star,2018
201142,NBA All-Star,2022
201142,NBA All-Star,2023
201142,NBA Champion,2016
201142,NBA Champion,2017
201142,Olympic Gold Medal,2024
201145,All-Rookie Team1,2007
201145,NBA Champion,2022
201143,All-Defensive Team2,2017
201143,All-NBA3,2010
201143,All-Rookie Team1,2007
201143,NBA All-Star,2009
201143,NBA All-Star,2010
201143,NBA All-Star,2014
201143,NBA All-Star,2015
201143,NBA All-Star,2017
201143,NBA Champion,2023
201146,Olympic Appearance,2004
201146,Olympic Appearance,2008
201146,Olympic Appearance,2012
201171,All-Rookie Team2,2007
101133,NBA Champion,2010
200081,All-Rookie Team2,2007
2434,Olympic Bronze Medal,2016
2434,Olympic Appearance,2000
2434,Olympic Appearance,2004
2434,Olympic Silver Medal,2008
2434,Olympic Silver Medal,2012
2434,All-Rookie Team2,2007
201149,All-Defensive Team2,2010
201149,All-Defensive Team1,2012
201149,All-Defensive Team1,2013
201149,All-NBA1,2013
201149,J. Walter Kennedy Citizenship,2014
201149,NBA Defensive Player of the Year,2013
201149,NBA All-Star,2012
201149,NBA All-Star,2013
2449,All-Rookie Team1,2007
2449,Olympic Appearance,2012
2449,Olympic Bronze Medal,2008
201160,Olympic Appearance,2004
201155,All-Rookie Team2,2007
201154,All-Rookie Team1,2007
201156,NBA Champion,2017
201152,All-Rookie Team2,2007
201583,NBA Most Improved Player,2011
201571,All-Rookie Team2,2008
201587,Olympic Appearance,2012
201587,Olympic Silver Medal,2024
201563,All-Rookie Team1,2008
201596,All-Rookie Team2,2008
201596,NBA Champion,2011
201596,NBA Champion,2012
201609,All-NBA3,2013
201609,NBA Most Improved Player,2013
201609,NBA All-Star,2017
201164,Olympic Bronze Medal,2016
201164,All-Rookie Team2,2008
201164,Olympic Appearance,2004
201164,Olympic Silver Medal,2008
201164,Olympic Silver Medal,2012
201188,All-Defensive Team2,2012
201188,All-NBA2,2012
201188,All-NBA1,2014
201188,All-Rookie Team2,2008
201188,NBA Defensive Player of the Year,2012
201188,Olympic Silver Medal,2008
201188,Olympic Silver Medal,2012
201188,NBA All-Star,2011
201188,NBA All-Star,2014
201188,NBA All-Star,2016
201188,NBA Champion,2018
201569,All-Rookie Team2,2008
201569,NBA Sixth Man of the Year,2016
201579,All-Defensive Team2,2013
201579,NBA All-Star,2011
201579,NBA All-Star,2013
201599,All-Defensive Team1,2014
201599,All-Defensive Team1,2015
201599,All-NBA3,2014
201599,All-NBA1,2015
201599,All-NBA3,2016
201599,Olympic Gold Medal,2016
201599,NBA All-Star,2016
201599,NBA Champion,2022
201572,All-Defensive Team2,2019
201572,All-Rookie Team1,2008
201572,All-Defensive Team1,2022
201572,NBA All-Star,2012
201572,NBA Champion,2020
201567,All-NBA2,2011
201567,All-NBA2,2013
201567,All-Rookie Team2,2008
201567,NBA Most Improved Player,2010
201567,Olympic Gold Medal,2012
201567,NBA All-Star,2016
201567,NBA All-Star,2017
201567,NBA All-Star,2010
201567,NBA All-Star,2011
201567,NBA All-Star,2013
201567,NBA Champion,2015
201564,All-Rookie Team1,2008
201580,Olympic Gold Medal,2020
201580,NBA Champion,2016
201580,NBA Champion,2017
201580,NBA Champion,2019
201565,All-NBA1,2010
201565,All-Rookie Team1,2008
201565,NBA Most Valuable Player,2010
201565,NBA Rookie of the Year,2008
201565,NBA All-Star,2009
201565,NBA All-Star,2010
201565,NBA All-Star,2011
201575,NBA Champion,2014
201578,NBA Champion,2014
201566,All-NBA2,2010
201566,All-NBA2,2011
201566,All-NBA2,2012
201566,All-NBA2,2014
201566,All-NBA1,2015
201566,All-NBA1,2016
201566,All-NBA2,2017
201566,All-NBA3,2018
201566,All-NBA3,2019
201566,All-Rookie Team1,2008
201566,NBA All-Star Most Valuable Player,2014
201566,NBA All-Star Most Valuable Player,2015
201566,NBA Most Valuable Player,2016
201566,Olympic Gold Medal,2012
201566,NBA All-Star,2017
201566,NBA All-Star,2018
201566,NBA All-Star,2010
201566,NBA All-Star,2011
201566,NBA All-Star,2012
201566,NBA All-Star,2014
201566,NBA All-Star,2015
201566,NBA All-Star,2016
201566,NBA All-Star,2019
2431,Olympic Appearance,2004
2431,Olympic Appearance,2008
2431,Olympic Appearance,2012
201965,NBA Champion,2013
201958,NBA Champion,2010
201971,All-Rookie Team2,2009
201954,All-Rookie Team1,2009
201939,All-NBA2,2013
201939,All-NBA1,2014
201939,All-NBA1,2015
201939,All-NBA2,2016
201939,All-NBA3,2017
201939,All-NBA1,2018
201939,All-NBA1,2020
201939,All-Rookie Team1,2009
201939,NBA Most Valuable Player,2014
201939,NBA Most Valuable Player,2015
201939,NBA Sportsmanship,2010
201939,NBA All-Star Most Valuable Player,2021
201939,All-NBA2,2021
201939,NBA Finals Most Valuable Player,2021
201939,All-NBA2,2022
201939,NBA Clutch Player of the Year,2023
201939,All-NBA3,2023
201939,NBA All-Star,2018
201939,NBA All-Star,2013
201939,NBA All-Star,2014
201939,NBA All-Star,2015
201939,NBA All-Star,2016
201939,NBA All-Star,2017
201939,NBA All-Star,2020
201939,NBA All-Star,2021
201939,NBA All-Star,2022
201939,NBA All-Star,2023
201939,NBA Champion,2014
201939,NBA Champion,2016
201939,NBA Champion,2017
201939,NBA Champion,2021
201939,Olympic Gold Medal,2024
201948,NBA Champion,2013
201942,All-NBA3,2016
201942,All-NBA2,2017
201942,All-NBA2,2021
201942,Olympic Gold Medal,2016
201942,NBA All-Star,2013
201942,NBA All-Star,2015
201942,NBA All-Star,2016
201942,NBA All-Star,2022
201942,NBA All-Star,2017
201942,NBA All-Star,2021
201936,All-Rookie Team1,2009
201936,NBA Rookie of the Year,2009
201938,All-Rookie Team2,2009
201959,All-Rookie Team1,2009
201980,All-Defensive Team2,2016
201980,NBA Champion,2019
201980,NBA Champion,2013
201980,NBA Champion,2018
201935,All-NBA3,2012
201935,All-NBA1,2013
201935,All-NBA1,2014
201935,All-NBA1,2016
201935,All-NBA1,2017
201935,All-NBA1,2018
201935,All-NBA1,2019
201935,All-Rookie Team2,2009
201935,NBA Most Valuable Player,2017
201935,NBA Sixth Man of the Year,2011
201935,Olympic Gold Medal,2012
201935,NBA All-Star Most Valuable Player,2020
201935,NBA All-Star,2020
201935,NBA All-Star,2012
201935,NBA All-Star,2013
201935,NBA All-Star,2014
201935,NBA All-Star,2015
201935,NBA All-Star,2016
201935,NBA All-Star,2017
201935,NBA All-Star,2018
201935,NBA All-Star,2019
201935,NBA All-Star,2021
201950,All-Defensive Team1,2017
201950,All-Defensive Team2,2018
201950,All-Defensive Team1,2020
201950,All-Defensive Team2,2021
201950,All-Defensive Team1,2022
201950,Olympic Gold Medal,2020
201950,All-Defensive Team2,2023
201950,NBA All-Star,2012
201950,NBA All-Star,2022
201950,NBA Champion,2020
201950,NBA Champion,2023
201950,Olympic Gold Medal,2024
201586,All-Defensive Team1,2011
201586,All-Defensive Team1,2012
201586,All-Defensive Team1,2013
201586,Olympic Silver Medal,2012
201586,NBA Champion,2018
201943,All-Rookie Team1,2009
201973,All-Rookie Team2,2009
201975,NBA Champion,2018
201988,Olympic Appearance,2008
201988,Olympic Appearance,2012
201988,NBA Champion,2013
201952,NBA All-Star,2014
201952,NBA Champion,2020
201977,All-Rookie Team2,2009
202329,Olympic Appearance,2012
202339,All-Defensive Team1,2018
202339,All-Defensive Team2,2019
202339,All-Rookie Team2,2010
202340,All-Defensive Team2,2012
202340,All-Defensive Team1,2015
202326,All-NBA2,2014
202326,All-NBA2,2015
202326,All-Rookie Team1,2010
202326,Olympic Gold Medal,2016
202326,NBA All-Star,2017
202326,NBA All-Star,2014
202326,NBA All-Star,2015
202326,NBA All-Star,2016
202324,All-Rookie Team2,2010
202361,All-Rookie Team1,2010
202331,All-Defensive Team2,2012
202331,All-Defensive Team1,2013
202331,All-Defensive Team2,2015
202331,All-Defensive Team1,2018
202331,All-NBA3,2012
202331,All-NBA3,2013
202331,All-NBA3,2015
202331,All-NBA3,2017
202331,All-NBA1,2018
202331,All-NBA3,2020
202331,All-Rookie Team2,2010
202331,NBA Most Improved Player,2012
202331,Olympic Gold Medal,2016
202331,NBA All-Star,2012
202331,NBA All-Star,2013
202331,NBA All-Star,2015
202331,NBA All-Star,2016
202331,NBA All-Star,2017
202331,NBA All-Star,2018
202331,NBA All-Star,2020
202331,NBA All-Star,2022
202331,NBA All-Star,2023
201933,All-NBA2,2011
201933,All-NBA2,2012
201933,All-NBA2,2013
201933,All-NBA3,2014
201933,All-NBA3,2018
201933,All-Rookie Team1,2010
201933,NBA Rookie of the Year,2010
201933,NBA All-Star,2018
201933,NBA All-Star,2010
201933,NBA All-Star,2011
201933,NBA All-Star,2012
201933,NBA All-Star,2013
201933,NBA All-Star,2014
202330,NBA All-Star,2016
202325,All-Rookie Team2,2010
202391,NBA Champion,2018
202328,All-Rookie Team2,2010
202389,Olympic Bronze Medal,2012
202389,NBA Champion,2015
202390,All-Rookie Team1,2010
202354,NBA Champion,2011
202338,Olympic Appearance,2012
202397,NBA Champion,2022
201168,Olympic Appearance,2012
201168,NBA Champion,2013
202322,All-Defensive Team2,2014
202322,All-NBA3,2016
202322,All-Rookie Team1,2010
202322,NBA All-Star,2013
202322,NBA All-Star,2014
202322,NBA All-Star,2015
202322,NBA All-Star,2016
202322,NBA All-Star,2017
202355,All-Defensive Team2,2015
202705,All-Rookie Team2,2011
202710,All-Defensive Team2,2013
202710,All-Defensive Team2,2014
202710,All-Defensive Team2,2015
202710,All-Defensive Team2,2017
202710,All-Defensive Team2,2020
202710,All-NBA3,2016
202710,All-NBA3,2017
202710,All-NBA3,2019
202710,All-NBA3,2020
202710,NBA Most Improved Player,2014
202710,All-NBA2,2022
202710,Olympic Gold Medal,2016
202710,NBA All-Star,2014
202710,NBA All-Star,2015
202710,NBA All-Star,2016
202710,NBA All-Star,2019
202710,NBA All-Star,2017
202710,NBA All-Star,2021
202708,NBA Champion,2011
202708,NBA Champion,2012
202702,All-Rookie Team1,2011
202702,J. Walter Kennedy Citizenship,2012
202227,NBA Champion,2011
202681,All-NBA3,2014
202681,All-NBA2,2018
202681,All-NBA3,2020
202681,All-Rookie Team1,2011
202681,NBA All-Star Most Valuable Player,2013
202681,NBA Rookie of the Year,2011
202681,Olympic Gold Medal,2016
202681,NBA All-Star,2012
202681,NBA All-Star,2013
202681,NBA All-Star,2014
202681,NBA All-Star,2016
202681,NBA All-Star,2017
202681,NBA All-Star,2020
202681,NBA All-Star,2018
202681,NBA All-Star,2022
202681,NBA Champion,2015
202704,NBA Champion,2022
202709,NBA Champion,2013
202688,All-Rookie Team1,2011
202695,All-Defensive Team2,2013
202695,All-Defensive Team1,2014
202695,All-Defensive Team1,2015
202695,All-Defensive Team2,2018
202695,All-Defensive Team2,2019
202695,All-Defensive Team2,2020
202695,All-NBA1,2015
202695,All-NBA1,2016
202695,All-NBA2,2018
202695,All-NBA2,2019
202695,All-NBA1,2020
202695,All-Rookie Team1,2011
202695,NBA Defensive Player of the Year,2014
202695,NBA Defensive Player of the Year,2015
202695,NBA Finals Most Valuable Player,2013
202695,NBA Finals Most Valuable Player,2018
202695,All-Defensive Team1,2016
202695,NBA All-Star Most Valuable Player,2019
202695,All-NBA2,2023
202695,NBA All-Star,2020
202695,NBA All-Star,2015
202695,NBA All-Star,2016
202695,NBA All-Star,2018
202695,NBA All-Star,2019
202695,NBA All-Star,2023
202695,NBA Champion,2013
202695,NBA Champion,2018
202693,NBA Champion,2019
202718,All-Rookie Team2,2011
201937,Olympic Bronze Medal,2016
201937,All-Rookie Team1,2011
201937,Olympic Silver Medal,2008
202697,All-Rookie Team1,2011
202697,NBA Champion,2015
202738,All-NBA2,2016
202738,All-Rookie Team2,2011
202738,NBA All-Star,2015
202738,NBA All-Star,2016
202691,All-Defensive Team2,2018
202691,All-NBA3,2014
202691,All-NBA3,2015
202691,All-Rookie Team1,2011
202691,Olympic Gold Medal,2016
202691,NBA All-Star,2014
202691,NBA All-Star,2015
202691,NBA All-Star,2016
202691,NBA All-Star,2017
202691,NBA All-Star,2018
202691,NBA Champion,2014
202691,NBA Champion,2016
202691,NBA Champion,2017
202691,NBA Champion,2021
202684,All-Rookie Team2,2011
202684,NBA Champion,2015
202696,NBA All-Star,2018
202696,NBA All-Star,2020
202689,All-NBA3,2018
202689,NBA Sportsmanship,2016
202689,NBA All-Star,2016
202689,NBA All-Star,2017
202689,NBA All-Star,2018
202689,NBA All-Star,2019
202682,All-Rookie Team2,2011
203084,All-Rookie Team1,2012
203084,Olympic Gold Medal,2016
203084,NBA Champion,2014
203382,NBA Champion,2013
203078,All-NBA3,2020
203078,All-Rookie Team1,2012
203078,NBA All-Star,2017
203078,NBA All-Star,2020
203078,NBA All-Star,2018
201976,All-Defensive Team2,2013
201976,All-Defensive Team2,2019
201976,All-Defensive Team1,2016
201964,Olympic Bronze Medal,2016
201964,Olympic Silver Medal,2012
203076,All-Defensive Team2,2014
203076,All-Defensive Team1,2017
203076,All-Defensive Team1,2019
203076,All-NBA1,2014
203076,All-NBA1,2016
203076,All-NBA1,2017
203076,All-NBA1,2019
203076,All-Rookie Team1,2012
203076,NBA All-Star Most Valuable Player,2016
203076,Olympic Gold Medal,2012
203076,All-Defensive Team2,2016
203076,NBA In-Season Tournament All-Tournament1,2023
203076,All-Defensive Team1,2023
203076,All-NBA2,2023
203076,NBA All-Star,2017
203076,NBA All-Star,2020
203076,NBA All-Star,2013
203076,NBA All-Star,2014
203076,NBA All-Star,2015
203076,NBA All-Star,2016
203076,NBA All-Star,2018
203076,NBA All-Star,2019
203076,NBA All-Star,2023
203076,NBA Champion,2019
203076,Olympic Gold Medal,2024
201986,Olympic Appearance,2012
201986,Olympic Silver Medal,2024
203083,All-NBA3,2015
203083,All-Rookie Team2,2012
203083,NBA All-Star,2015
203083,NBA All-Star,2017
203105,NBA Champion,2014
203095,Olympic Silver Medal,2024
200777,Olympic Appearance,2012
203110,All-Defensive Team1,2014
203110,All-Defensive Team1,2015
203110,All-Defensive Team2,2017
203110,All-Defensive Team2,2018
203110,All-Defensive Team1,2020
203110,All-NBA2,2015
203110,All-NBA3,2016
203110,NBA Defensive Player of the Year,2016
203110,All-Defensive Team1,2016
203110,All-Defensive Team2,2021
203110,All-Defensive Team2,2022
203110,Olympic Gold Medal,2016
203110,Olympic Gold Medal,2020
203110,NBA All-Star,2015
203110,NBA All-Star,2016
203110,NBA All-Star,2017
203110,NBA All-Star,2021
203110,NBA Champion,2014
203110,NBA Champion,2016
203110,NBA Champion,2017
203110,NBA Champion,2021
203200,NBA Champion,2014
203077,All-Rookie Team2,2012
203081,All-NBA3,2013
203081,All-NBA2,2015
203081,All-NBA1,2017
203081,All-NBA2,2018
203081,All-NBA2,2019
203081,All-NBA2,2020
203081,All-Rookie Team1,2012
203081,NBA Rookie of the Year,2012
203081,All-NBA3,2022
203081,NBA All-Star Most Valuable Player,2023
203081,Olympic Gold Medal,2020
203081,NBA All-Star,2022
203081,NBA All-Star,2023
203081,NBA All-Star,2013
203081,NBA All-Star,2014
203081,NBA All-Star,2017
203081,NBA All-Star,2018
203081,NBA All-Star,2019
203081,NBA All-Star,2020
203114,Olympic Gold Medal,2020
203114,NBA All-Star,2018
203114,NBA All-Star,2019
203114,NBA All-Star,2021
203114,NBA Champion,2020
203143,Olympic Appearance,2012
203143,Olympic Bronze Medal,2008
202713,All-Rookie Team2,2012
202685,All-Rookie Team2,2012
202685,Olympic Appearance,2012
203079,All-Rookie Team1,2012
203079,NBA Champion,2019
203092,All-Rookie Team2,2012
203500,All-Rookie Team2,2013
203507,All-Defensive Team1,2018
203507,All-Defensive Team1,2019
203507,All-Defensive Team1,2020
203507,All-NBA2,2016
203507,All-NBA2,2017
203507,All-NBA1,2018
203507,All-NBA1,2019
203507,All-NBA1,2020
203507,All-Rookie Team2,2013
203507,NBA Defensive Player of the Year,2019
203507,NBA Most Improved Player,2016
203507,NBA Most Valuable Player,2018
203507,NBA Most Valuable Player,2019
203507,All-Defensive Team2,2016
203507,NBA Finals Most Valuable Player,2020
203507,All-Defensive Team1,2021
203507,All-NBA1,2021
203507,All-NBA1,2022
203507,NBA In-Season Tournament All-Tournament1,2023
203507,All-NBA1,2023
203507,NBA All-Star,2016
203507,NBA All-Star,2018
203507,NBA All-Star,2019
203507,NBA All-Star,2022
203507,NBA All-Star,2023
203507,NBA All-Star,2017
203507,NBA All-Star,2020
203507,NBA All-Star,2021
203507,NBA Champion,2020
203504,All-Rookie Team1,2013
203484,NBA Champion,2022
203484,NBA Champion,2019
203487,All-Rookie Team1,2013
203487,NBA Rookie of the Year,2013
203546,NBA Champion,2016
203496,All-Defensive Team1,2017
203521,NBA Champion,2015
203476,All-Rookie Team2,2013
203497,All-Defensive Team1,2017
203497,All-Defensive Team1,2018
203497,All-Defensive Team1,2019
203497,All-Defensive Team1,2020
203497,All-NBA2,2016
203497,All-NBA3,2018
203497,All-NBA3,2019
203497,All-NBA3,2020
203497,NBA Defensive Player of the Year,2017
203497,NBA Defensive Player of the Year,2018
203497,NBA Defensive Player of the Year,2020
203497,All-Defensive Team1,2016
203497,All-Defensive Team1,2021
203497,NBA Defensive Player of the Year,2023
203497,All-Defensive Team1,2023
203497,NBA All-Star,2019
203497,NBA All-Star,2021
203497,NBA All-Star,2020
203497,Olympic Silver Medal,2024
203468,NBA Most Improved Player,2015
203517,Olympic Silver Medal,2016
203506,All-Defensive Team1,2017
203506,All-NBA3,2017
203506,All-Rookie Team1,2013
203506,NBA Most Improved Player,2017
203506,NBA All-Star,2017
203506,NBA All-Star,2018
203482,All-Rookie Team2,2013
203486,All-Rookie Team1,2013
203490,NBA Champion,2021
203545,Olympic Silver Medal,2016
203460,All-Defensive Team2,2016
203469,All-Rookie Team2,2013
202711,All-Rookie Team2,2014
203903,All-Rookie Team1,2014
203903,NBA Sixth Man of the Year,2020
204038,All-Rookie Team2,2014
203932,NBA Champion,2022
203924,Olympic Gold Medal,2020
203897,All-Rookie Team2,2014
203897,Olympic Gold Medal,2020
203897,NBA All-Star,2020
203897,NBA All-Star,2021
203949,NBA Champion,2014
203949,NBA Champion,2016
202703,Olympic Bronze Medal,2016
202703,All-Rookie Team1,2014
203961,NBA Champion,2018
203457,All-Rookie Team1,2014
203994,All-Rookie Team2,2014
203901,All-Rookie Team1,2014
203944,All-NBA2,2020
203944,NBA Most Improved Player,2020
203944,All-NBA3,2022
203944,NBA All-Star,2020
203944,NBA All-Star,2023
203944,NBA All-Star,2022
203935,All-Defensive Team1,2018
203935,All-Defensive Team1,2019
203935,All-Rookie Team2,2014
203935,NBA Defensive Player of the Year,2021
203935,All-Defensive Team1,2021
203952,All-Rookie Team1,2014
203952,NBA Rookie of the Year,2014
203952,NBA All-Star,2021
203952,NBA Champion,2021
203648,NBA Champion,2020
202357,NBA Champion,2021
1626164,All-Rookie Team1,2015
1626164,All-NBA1,2021
1626164,Olympic Gold Medal,2020
1626164,All-NBA3,2023
1626164,NBA All-Star,2020
1626164,NBA All-Star,2021
1626164,NBA All-Star,2019
1626164,NBA All-Star,2023
1626164,Olympic Gold Medal,2024
1626161,All-Rookie Team2,2015
1626192,NBA Champion,2020
1626149,NBA Sixth Man of the Year,2019
203999,All-NBA1,2018
203999,All-NBA2,2019
203999,All-NBA1,2020
203999,All-Rookie Team1,2015
203999,NBA Most Valuable Player,2020
203999,NBA Most Valuable Player,2021
203999,All-NBA1,2021
203999,All-NBA2,2022
203999,NBA Finals Most Valuable Player,2022
203999,NBA Most Valuable Player,2023
203999,All-NBA1,2023
203999,NBA All-Star,2018
203999,NBA All-Star,2019
203999,NBA All-Star,2020
203999,NBA All-Star,2021
203999,NBA All-Star,2022
203999,NBA All-Star,2023
203999,NBA Champion,2022
203999,Olympic Silver Medal,2016
203999,Olympic Bronze Medal,2024
1626172,NBA Champion,2017
1626172,NBA Champion,2021
203895,NBA Champion,2015
1626144,All-Rookie Team2,2015
1626143,All-Rookie Team1,2015
1626171,NBA Champion,2020
204001,All-Rookie Team1,2015
204001,NBA All-Star,2017
204001,NBA Champion,2023
1626181,NBA Champion,2018
1626156,All-Rookie Team2,2015
1626156,NBA All-Star,2018
1626253,NBA Champion,2020
1626157,All-NBA3,2017
1626157,All-Rookie Team1,2015
1626157,NBA Rookie of the Year,2015
1626157,All-NBA3,2021
1626157,NBA All-Star,2021
1626157,NBA All-Star,2017
1626157,NBA All-Star,2018
1626157,NBA All-Star,2023
1626167,All-Rookie Team2,2015
1626159,All-Rookie Team2,2015
203518,Olympic Bronze Medal,2016
1627763,All-Rookie Team1,2016
1627763,NBA Rookie of the Year,2016
1627763,NBA Sixth Man of the Year,2022
1627759,All-Rookie Team2,2016
1627759,All-NBA2,2022
1627759,NBA All-Star,2023
1627759,NBA All-Star,2020
1627759,NBA All-Star,2022
1627759,NBA Finals Most Valuable Player,2023
1627759,NBA Champion,2023
1627737,All-Rookie Team2,2016
1626188,NBA Champion,2017
1626188,NBA Champion,2019
203954,All-Defensive Team2,2017
203954,All-Defensive Team2,2018
203954,All-Defensive Team2,2020
203954,All-NBA2,2017
203954,All-NBA2,2018
203954,All-NBA2,2020
203954,All-Rookie Team1,2016
203954,All-NBA2,2021
203954,NBA Most Valuable Player,2022
203954,All-NBA1,2022
203954,NBA All-Star,2018
203954,NBA All-Star,2019
203954,NBA All-Star,2020
203954,NBA All-Star,2023
203954,NBA All-Star,2017
203954,NBA All-Star,2022
203954,NBA All-Star,2021
203954,Olympic Gold Medal,2024
1627812,All-Rookie Team2,2016
1627854,NBA Champion,2020
1626195,Olympic Bronze Medal,2016
1626195,All-Rookie Team1,2016
1627741,All-Rookie Team1,2016
1627742,NBA Most Improved Player,2019
1627742,All-Rookie Team2,2016
1627742,NBA All-Star,2019
1627745,NBA Champion,2016
1627745,NBA Champion,2017
1627775,NBA Champion,2016
1627775,NBA Champion,2017
1627775,NBA Champion,2018
1627749,All-Defensive Team2,2017
1627749,NBA All-Star,2021
1627750,All-Rookie Team2,2016
1627750,NBA Champion,2022
1627734,All-NBA3,2022
1627734,All-NBA3,2023
1627734,NBA All-Star,2022
1627734,NBA All-Star,2019
1627734,NBA All-Star,2020
203967,All-Rookie Team1,2016
1627783,All-NBA2,2019
1627783,NBA Most Improved Player,2018
1627783,All-NBA3,2021
1627783,NBA All-Star,2019
1627783,NBA All-Star,2022
1627783,NBA Champion,2018
1627832,NBA All-Star,2021
1627832,NBA Champion,2018
